user_id,avg_memory,wall_clock,system_time,blanks,language,compiler_version,cloc,nbr_file_in,compiled,swap_main_memory,avg_RAM,exit_code,comments,nbr_file_out,nbr_page_faults,exe_size,compile_error_msg,run_error_msg,max_RAM,user_time
37ae912,0,0.00,0.00,25,C++,-,75,0,0,0,0,0,2,0,0,38440,-,-,3148,0.00
ACing,0,0.00,0.00,9,C++,-,80,0,0,0,0,0,1,0,0,17344,-,-,2200,0.00
AIgen,0,0.00,0.00,6,C++,-,78,0,0,0,0,0,0,0,0,40592,-,-,2640,0.00
AK93,0,1.18,0.00,4,C++,-,76,0,0,0,0,0,0,936,0,47592,-,-,2756,1.18
AKim,-,-,-,0,C++,-,50,-,0,-,-,-15,0,-,-,34416,-,-,-,-
AS1,0,2.31,0.14,10,C++,-,85,0,0,0,0,0,1,0,0,51248,-,-,35240,2.17
Abdenago,0,0.04,0.00,14,Java,-,139,0,0,0,0,1,3,64,0,4342,-,-,21292,0.04
Abeja,0,0.00,0.00,34,Python,2.7,62,0,0,0,0,0,1,0,0,3379,-,-,6584,0.00
Acev,0,0.00,0.00,16,C++,-,98,0,0,0,0,0,0,0,0,51704,-,-,2564,0.00
AdGold,0,0.00,0.00,3,C++,-,69,0,0,0,0,0,2,0,0,72760,-,-,2260,0.00
Adaephon,0,0.00,0.00,21,C++,-,118,0,1,0,0,127,1,0,0,-,-,-,1372,0.00
AekdyCoin,0,0.18,0.01,0,C++,-,79,0,0,0,0,0,0,0,0,30136,-,-,64896,0.16
Aerodonkey,0,1.37,0.00,13,C++,-,130,0,0,0,0,0,2,0,0,65504,-,-,2552,1.36
Agentchuck,0,0.00,0.00,17,C++,-,133,0,0,0,0,255,5,0,0,49536,-,-,2480,0.00
AhmedSalem,0,0.00,0.00,9,C++,-,81,0,1,0,0,127,1,0,0,-,-,-,1424,0.00
Aldelo,-,-,-,26,C#,-,135,-,1,-,-,-1,24,-,-,-,-,-,-,-
Aleksander,-,-,-,52,C++,-,179,-,0,-,-,-15,3,-,-,33776,-,-,-,-
AlexTolstov,0,0.12,0.00,42,Java,-,140,0,0,0,0,0,5,64,0,3008,-,-,30884,0.12
AlexanderBolshakov,0,0.08,0.02,21,Java,-,119,0,0,0,0,0,0,72,0,2954,-,-,27592,0.05
AlonH,-,-,-,5,Java,-,81,-,1,-,-,-1,4,-,-,-,-,-,-,-
AlonsoVidales,0,0.37,0.01,17,Python,2.7,64,0,0,0,0,0,1,0,0,2567,-,-,27400,0.36
Ambling,0,0.00,0.00,14,C++,-,101,0,0,0,0,0,5,0,0,47552,-,-,2736,0.00
Anarivu,-,-,-,8,C++,-,77,-,0,-,-,-15,0,-,-,34392,-,-,-,-
AndreySiunov,0,0.00,0.00,9,C++,-,84,0,1,0,0,127,1,0,0,-,-,-,1348,0.00
AndyBloch,-,-,-,13,C++,-,108,-,1,-,-,-1,4,-,-,-,-,-,-,-
AnnieKim,-,-,-,6,C++,-,78,-,1,-,-,-1,2,-,-,-,-,-,-,-
ArchVince,-,-,-,24,C#,System.Numerics,129,-,1,-,-,-1,0,-,-,-,-,-,-,-
Arios,0,0.03,0.00,8,C++,-,71,0,0,0,0,0,4,0,0,25656,-,-,20176,0.02
Arti1990,-,-,-,36,C++,-,177,-,1,-,-,-1,10,-,-,-,-,-,-,-
AvinFernando,-,-,-,36,C#,-,228,-,-1,-,-,-1,4,-,-,-,-,-,-,-
BHAVANI,-,-,-,8,C++,-,94,-,1,-,-,-1,4,-,-,-,-,-,-,-
Baekjoon,0,0.04,0.00,1,C++,-,73,0,0,0,0,0,0,0,0,51336,-,-,2368,0.03
Baker,0,0.00,0.00,33,C++,-,205,0,1,0,0,127,15,0,0,-,-,-,1436,0.00
BananaTree,0,0.43,0.00,2,C++,-,94,0,0,0,0,0,4,0,0,34896,-,-,10440,0.42
BertLeung,0,0.00,0.00,7,C++,-,73,0,0,0,0,0,10,0,0,9296,-,-,2464,0.00
Bidhan,0,0.00,0.00,8,C++,-,109,0,0,0,0,0,9,0,0,61912,-,-,2632,0.00
Binnie,0,0.08,0.00,5,Python,2.7,51,0,0,0,0,0,1,0,0,1598,-,-,6896,0.08
Boyweb,0,0.00,0.00,5,C++,-,67,0,0,0,0,0,0,0,0,10944,-,-,2568,0.00
CHZ,0,6.27,0.00,4,C++,-,54,0,0,0,0,0,2,0,0,9792,-,-,2608,6.26
Cakes,0,0.11,0.01,5,Java,-,96,0,0,0,0,0,0,72,0,2529,-,-,28924,0.10
Cakra,0,0.05,0.00,21,C++,-,93,0,0,0,0,0,4,0,0,47400,-,-,2656,0.05
Callum,0,9.02,0.00,0,Python,2.7,45,0,0,0,0,0,0,8,0,2431,-,-,27456,9.01
CarpathianCoder,0,0.00,0.00,44,C++,-,208,0,0,0,0,1,2,0,0,61920,-,-,2172,0.00
CatK,-,-,-,7,C++,-,91,-,1,-,-,-1,3,-,-,-,-,-,-,-
Charlene,0,0.00,0.00,21,C++,-,111,0,0,0,0,0,1,0,0,48552,-,-,2516,0.00
Chei,0,0.19,0.00,18,Java,-,106,0,0,0,0,0,8,64,0,2448,-,-,34496,0.18
Cherip,0,0.01,0.00,23,C++,-,86,0,0,0,0,0,4,944,0,9856,-,-,2368,0.01
ChrisBeaumont,-,-,-,27,Python,2.7,75,-,0,-,-,1,14,-,-,3528,-,-,-,-
ChrisJ,-,-,-,24,Python,2.7,84,-,0,-,-,-15,4,-,-,3355,-,-,-,-
ChunLaw,0,0.00,0.00,8,C++,-,65,0,0,0,0,0,0,0,0,16840,-,-,4632,0.00
Cintia,-,-,-,14,C++,-,103,-,1,-,-,-1,1,-,-,-,-,-,-,-
CoyoteRunner,0,0.08,0.00,31,C#,System.Numerics,289,0,0,0,0,0,6,8,0,6144,-,-,11576,0.07
Creed,0,0.00,0.00,10,C++,-,77,0,0,0,0,0,4,0,0,22440,-,-,2552,0.00
Cromel,0,0.33,0.00,6,C++,-,122,0,0,0,0,0,0,0,0,43216,-,-,17884,0.33
Cronos,0,0.04,0.00,14,Java,-,102,0,0,0,0,1,3,64,0,2773,-,-,21288,0.04
Cruiser,0,0.00,0.00,13,C++,-,84,0,0,0,0,0,2,0,0,81608,-,-,2492,0.00
CuteCube,0,0.02,0.00,25,Python,2.7,72,0,0,0,0,0,5,0,0,4214,-,-,6948,0.02
CyberZHG,0,0.00,0.00,10,C++,-,217,0,0,0,0,0,6,936,0,14288,-,-,2256,0.00
D3zmodos,-,-,-,21,Python,2.7,53,-,0,-,-,1,8,-,-,1765,-,-,-,-
DCLXVI,0,0.03,0.00,22,C++,-,188,0,0,0,0,0,9,0,0,62120,-,-,2516,0.02
DancingSoul,0,0.00,0.00,2,C++,-,49,0,0,0,0,0,0,0,0,19728,-,-,2604,0.00
DaniJVaz,0,0.00,0.00,14,C++,-,75,0,1,0,0,127,4,0,0,-,-,-,1424,0.00
DarinTay,0,0.12,0.00,9,C++,-,69,0,0,0,0,0,0,0,0,10760,-,-,2696,0.12
DeimonDB,0,0.00,0.00,5,C++,-,91,0,0,0,0,0,1,0,0,53816,-,-,2728,0.00
Dembel,0,1.15,0.41,29,C++,-,185,0,0,0,0,0,2,0,0,56976,-,-,149284,0.72
Dener,0,0.03,0.00,16,C++,-,92,0,0,0,0,0,0,0,0,90864,-,-,2688,0.02
Denikin,-,-,-,20,Java,-,126,-,1,-,-,-1,2,-,-,-,-,-,-,-
Depooll,0,0.00,0.00,9,C++,-,67,0,0,0,0,0,0,0,0,12776,-,-,2480,0.00
DerBaer,0,0.00,0.00,11,C++,-,156,0,0,0,0,0,8,0,0,54584,-,-,2644,0.00
DiegoCR,0,0.00,0.00,24,C++,-,79,0,0,0,0,0,4,0,0,36720,-,-,2484,0.00
DimaPhil,0,0.00,0.00,14,C++,-,121,0,0,0,0,0,7,0,0,61864,-,-,2408,0.00
Dirka,0,0.23,0.05,14,Java,-,106,0,0,0,0,0,5,64,0,2958,-,-,21372,0.16
DreamBird,0,0.00,0.00,30,C++,-,124,0,1,0,0,127,12,0,0,-,-,-,1436,0.00
Drevnij,0,0.05,0.01,19,Java,-,104,0,0,0,0,0,0,64,0,3172,-,-,21384,0.04
DuyBao,0,0.00,0.00,7,C++,-,80,0,0,0,0,0,0,0,0,20136,-,-,2616,0.00
Echo80313,0,0.00,0.00,2,C++,-,83,0,0,0,0,0,1,8,0,33856,-,-,3364,0.00
Edla,0,1.56,0.02,0,C++,-,69,0,0,0,0,0,1,0,0,9192,-,-,158652,1.52
EnTerr,0,0.01,0.00,15,Python,2.7,87,0,0,0,0,0,13,0,0,2691,-,-,6948,0.01
Erichsh,0,0.00,0.00,15,C++,-,114,0,0,0,0,0,33,0,0,15624,-,-,4340,0.00
Eryx,-,-,-,53,C++,-,184,-,1,-,-,-1,21,-,-,-,-,-,-,-
Eurce,0,1.38,0.00,4,C++,-,52,0,0,0,0,0,0,0,0,9344,-,-,2460,1.38
FKint,0,0.01,0.00,3,C++,-,185,0,0,0,0,0,23,0,0,72248,-,-,2732,0.00
Factorial,-,-,-,13,C++,-,80,-,0,-,-,-15,4,-,-,76560,-,-,-,-
Fancy,0,0.02,0.00,5,C++,-,57,0,0,0,0,0,1,0,0,59432,-,-,2520,0.02
FerranAlet,0,0.09,0.02,7,C++,-,74,0,0,0,0,0,6,944,0,45728,-,-,2480,0.06
FerroMrkva,0,0.06,0.01,8,C++,-,88,0,0,0,0,0,7,0,0,34440,-,-,22040,0.04
ForestM,-,-,-,10,C++,-,82,-,1,-,-,-1,0,-,-,-,-,-,-,-
Franklinquestionmark,0,0.06,0.00,23,C++,-,139,0,0,0,0,0,17,0,0,101904,-,-,2616,0.05
FrcknFrckn,-,-,-,20,C#,System.Numerics,160,-,1,-,-,-1,1,-,-,-,-,-,-,-
Fur,0,0.04,0.00,5,C++,-,67,0,0,0,0,0,2,0,0,49352,-,-,2412,0.04
GBV,0,0.00,0.00,6,C++,-,107,0,0,0,0,0,4,0,0,49312,-,-,3036,0.00
GRacineux,-,-,-,12,C#,-,124,-,0,-,-,1,3,-,-,6144,-,-,-,-
GaMeOvEr,0,0.00,0.00,17,C++,-,112,0,0,0,0,0,28,0,0,39864,-,-,2656,0.00
GaoYusong,0,0.00,0.00,19,C++,-,68,0,0,0,0,0,0,944,0,67640,-,-,2300,0.00
GarySham,0,0.00,0.00,15,C++,-,68,0,0,0,0,0,0,0,0,21024,-,-,2344,0.00
Gautham,0,6.31,0.00,3,Python,2.7,50,0,0,0,0,0,2,0,0,1308,-,-,6692,6.30
Geonm,0,0.00,0.00,38,C++,-,114,0,0,0,0,0,0,0,0,58024,-,-,2408,0.00
Glen,-,-,-,24,C++,-,155,-,1,-,-,-1,14,-,-,-,-,-,-,-
Gluk,0,0.00,0.00,21,C++,-,108,0,0,0,0,0,1,0,0,41440,-,-,2484,0.00
Goblin911,0,1.28,0.28,21,C++,-,124,0,0,0,0,0,22,0,0,38912,-,-,2065152,1.00
GoldyOrNugget,0,0.07,0.00,17,Python,2.7,40,0,0,0,0,0,5,0,0,1743,-,-,8624,0.06
Goodoo,-,-,-,7,C++,-,107,-,0,-,-,-15,0,-,-,66784,-,-,-,-
Goodwine,0,0.13,0.01,7,Java,-,93,0,0,0,0,0,0,64,0,2256,-,-,29208,0.12
GreenPeace,0,0.24,0.10,4,Java,-,100,0,0,0,0,0,2,64,0,2717,-,-,21180,0.13
Greentie,-,-,-,21,Java,-,124,-,1,-,-,-1,12,-,-,-,-,-,-,-
GregD,0,0.16,0.01,69,Java,-,257,0,0,0,0,1,121,64,0,5829,-,-,21292,0.03
Grzesiu,0,0.02,0.00,15,Python,2.7,34,0,0,0,0,0,2,0,0,1406,-,-,6500,0.01
Guineapig,-,-,-,19,Python,2.7,48,-,0,-,-,-15,5,-,-,1938,-,-,-,-
Gyosh,0,0.70,0.00,16,C++,-,71,0,0,0,0,0,2,0,0,25768,-,-,6520,0.70
HD650,0,0.02,0.00,12,Python,2.7,53,0,0,0,0,0,4,0,0,2664,-,-,6492,0.02
HKKenneth,0,0.24,0.04,4,Java,-,56,0,0,0,0,0,7,64,0,2311,-,-,39968,0.24
HaaS,0,0.03,0.00,14,C++,-,70,0,0,0,0,0,3,0,0,39008,-,-,18204,0.02
Hachimori,0,0.00,0.00,18,C++,-,74,0,0,0,0,0,5,0,0,36144,-,-,2708,0.00
HaifengJin,0,0.00,0.00,13,C++,-,113,0,0,0,0,0,2,0,0,11056,-,-,2624,0.00
Hamition,0,0.00,0.00,38,C++,-,154,0,1,0,0,127,7,0,0,-,-,-,1424,0.00
Hanaban,0,0.00,0.00,9,C++,-,64,0,0,0,0,0,0,0,0,50088,-,-,2632,0.00
HanziQ,-,-,-,22,C#,-,145,-,0,-,-,1,1,-,-,7168,-,-,-,-
Hedayet,0,0.07,0.02,12,C++,-,83,0,0,0,0,0,4,944,0,53840,-,-,2536,0.04
HelenZ,0,0.19,0.00,4,Java,-,61,0,0,0,0,0,2,72,0,2029,-,-,28604,0.11
Hiking,0,0.03,0.00,9,Python,2.7,30,0,0,0,0,0,8,0,0,1393,-,-,6440,0.01
Hodduc,-,-,-,4,C++,-,60,-,1,-,-,-1,0,-,-,-,-,-,-,-
HolkinPV,-,-,-,32,C++,-,115,-,0,-,-,134,1,-,-,38440,-,-,-,-
Holla,-,-,-,18,C,-,135,-,0,-,-,139,3,-,-,9752,-,-,-,-
Huddu,0,0.03,0.00,0,C++,-,76,0,0,0,0,0,4,0,0,79680,-,-,2384,0.02
Hydraxis,0,0.00,0.00,38,C++,-,115,0,0,0,0,1,18,0,0,35648,-,-,2468,0.00
ILove47,0,0.00,0.00,12,C++,-,105,0,0,0,0,0,1,0,0,37232,-,-,2616,0.00
ILyoan,0,0.02,0.00,3,C++,-,81,0,0,0,0,0,0,0,0,68352,-,-,2392,0.02
IP314,0,0.00,0.00,10,C++,-,131,0,0,0,0,0,0,0,0,53392,-,-,2604,0.00
Ignat,0,0.02,0.00,33,C++,-,173,0,0,0,0,0,4,944,0,94128,-,-,2564,0.01
Ikarni,0,0.03,0.00,4,Python,2.7,33,0,0,0,0,0,2,0,0,1516,-,-,7252,0.02
ImCrAcKiNgThEwOrLd,-,-,-,4,C++,-,78,-,1,-,-,-1,0,-,-,-,-,-,-,-
Isammoc,0,0.05,0.00,6,Java,-,100,0,1,0,0,1,7,64,0,2589,-,-,21784,0.04
IsawaSteve,0,0.05,0.00,9,Java,-,128,0,0,0,0,1,10,64,0,3638,-,-,21728,0.04
IshanBhatnagar,0,0.00,0.00,8,C++,-,63,0,0,0,0,134,0,0,0,37896,-,-,2560,0.00
IslamDiaa,0,0.00,0.00,12,C++,-,158,0,0,0,0,134,5,0,0,52512,-,-,2564,0.00
Isuzok,0,0.22,0.03,19,Java,-,135,0,0,0,0,0,12,64,0,3380,-,-,21560,0.18
Jennica,0,0.93,0.01,6,C++,-,63,0,0,0,0,0,1,137160,0,18768,-,-,2708,0.91
JialinOuyang,-,-,-,27,C++,-,167,-,1,-,-,-1,0,-,-,-,-,-,-,-
Jingfei,0,0.01,0.00,5,C++,-,96,0,0,0,0,0,5,0,0,18968,-,-,10540,0.00
Joshik,0,0.05,0.00,19,Java,-,127,0,0,0,0,0,1,64,0,3548,-,-,21616,0.04
JustAMan,0,0.03,0.00,18,Python,2.7,138,0,0,0,0,1,18,0,0,6282,-,-,8208,0.01
KOTEHOK,0,0.24,0.00,3,C++,-,40,0,0,0,0,0,0,0,0,9424,-,-,2424,0.24
KamranM,-,-,-,28,C++,-,88,-,1,-,-,-1,4,-,-,-,-,-,-,-
KapJI,0,0.00,0.00,10,C++,-,144,0,0,0,0,0,7,0,0,32560,-,-,2504,0.00
Kengood,0,0.07,0.00,28,C++,-,113,0,0,0,0,0,2,0,0,81048,-,-,2816,0.07
KenjiH,-,-,-,17,C++,-,107,-,1,-,-,-1,1,-,-,-,-,-,-,-
KennethUlrich,-,-,-,15,Python,2.7,75,-,0,-,-,-15,0,-,-,3556,-,-,-,-
Kennyboy,0,0.00,0.00,14,C++,-,65,0,0,0,0,0,6,0,0,17784,-,-,2420,0.00
Kezeile,0,0.20,0.00,1,Java,-,98,0,0,0,0,0,4,64,0,2708,-,-,41508,0.19
KhaustovPavel,0,0.00,0.00,19,C++,-,117,0,0,0,0,0,0,0,0,21856,-,-,2500,0.00
KirarinSnow,0,0.01,0.00,10,Python,2.7,32,0,0,0,0,0,8,0,0,1221,-,-,6492,0.01
KomarovAndrey,0,0.15,0.01,24,Java,-,151,0,0,0,0,0,0,72,0,2138,-,-,33164,0.11
Kompu,0,0.04,0.01,3,C++,-,151,0,0,0,0,0,4,0,0,44088,-,-,5544,0.03
Konrad127123,-,-,-,12,C,-,49,-,0,-,-,0,4,-,-,9560,-,-,-,-
Kormat,-,-,-,11,Java,-,95,-,1,-,-,-1,6,-,-,-,-,-,-,-
Koyaah,0,0.07,0.00,22,Java,-,119,0,0,0,0,0,4,72,0,4188,-,-,23812,0.06
Krwlng,0,0.00,0.00,4,C++,-,49,0,0,0,0,0,3,0,0,18640,-,-,2728,0.00
Ksjuchi,0,0.00,0.00,15,C++,-,96,0,0,0,0,134,1,0,0,36328,-,-,2644,0.00
Kyuubi,-,-,-,18,C++,-,164,-,1,-,-,-1,0,-,-,-,-,-,-,-
L1048596,0,0.00,0.00,12,C++,-,95,0,0,0,0,0,6,0,0,25632,-,-,2548,0.00
LSC,0,0.71,0.00,3,C++,-,45,0,0,0,0,0,0,0,0,9536,-,-,17924,0.68
Lactor,0,0.00,0.00,21,C++,-,95,0,1,0,0,127,0,0,0,-,-,-,1376,0.00
Lawzlo,0,0.51,0.01,9,Java,-,101,0,0,0,0,1,0,64,0,2715,-,-,28640,0.37
Lcfr,0,0.28,0.00,2,C++,-,48,0,0,0,0,0,0,936,0,52536,-,-,2520,0.28
LeBron,0,0.00,0.00,14,C++,-,72,0,0,0,0,0,11,0,0,25456,-,-,2512,0.00
LeftHand,0,8.88,1.36,5,C++,-,67,0,0,0,0,134,0,0,0,62160,-,-,4196744,7.48
LeoMao,0,0.02,0.00,13,Python,3.5,74,0,0,0,0,0,1,0,0,4708,-,-,7924,0.01
LinKin,-,-,-,12,C++,-,80,-,0,-,-,-15,1,-,-,47896,-,-,-,-
Lizzan,-,-,-,24,Python,2.7,52,-,0,-,-,-15,4,-,-,2015,-,-,-,-
LoliFarmer,0,0.00,0.00,5,C++,-,73,0,0,0,0,0,5,0,0,15336,-,-,2628,0.00
LouisP,0,0.03,0.00,15,Python,2.7,175,0,0,0,0,2,19,0,0,8153,-,-,12956,0.02
Luffy,-,-,-,4,C++,-,68,-,0,-,-,-15,6,-,-,38024,-,-,-,-
MAME,-,-,-,12,C++,-,84,-,0,-,-,-15,8,-,-,9592,-,-,-,-
MKLOL,0,0.00,0.00,13,C++,-,115,0,0,0,0,0,3,0,0,39840,-,-,2572,0.00
MSPA,0,0.00,0.00,16,C++,-,74,0,0,0,0,0,7,8,0,39128,-,-,3016,0.00
Mambazo,-,-,-,22,C++,-,123,-,0,-,-,-15,7,-,-,35272,-,-,-,-
Mamick,0,0.07,0.01,5,Java,-,63,0,0,0,0,0,0,64,0,2003,-,-,21636,0.04
Marte,0,0.68,0.00,1,Python,2.7,28,0,0,0,0,0,0,0,0,1057,-,-,6880,0.68
MartinThoma,0,0.06,0.00,9,Python,2.7,50,0,0,0,0,0,6,0,0,2432,-,-,8432,0.06
Martinarjovsky,0,0.00,0.00,13,C++,-,74,0,0,0,0,0,3,0,0,60200,-,-,2504,0.00
Martynas,0,0.70,0.00,6,C++,-,111,0,0,0,0,0,0,0,0,51208,-,-,18396,0.68
MatMatMat,-,-,-,12,Python,3.5,59,-,0,-,-,-15,0,-,-,3585,-,-,-,-
MatRush,-,-,-,6,C++,-,115,-,0,-,-,-15,4,-,-,10864,-,-,-,-
Matches,-,-,-,21,C++,-,108,-,0,-,-,-15,10,-,-,48776,-,-,-,-
Matej,0,0.00,0.00,13,C++,-,75,0,0,0,0,0,9,0,0,34904,-,-,2512,0.00
Mathew24,0,0.00,0.00,15,C++,-,67,0,0,0,0,0,6,0,0,51504,-,-,2352,0.00
Mcquay,-,-,-,25,C++,-,111,-,1,-,-,-1,0,-,-,-,-,-,-,-
Miaowu,0,0.00,0.00,6,C++,-,97,0,0,0,0,0,4,0,0,21608,-,-,2216,0.00
Michael,0,0.02,0.00,5,Python,2.7,45,0,0,0,0,0,3,0,0,1941,-,-,6876,0.01
MichaelF77,0,0.01,0.00,17,C#,-,150,0,0,0,0,0,6,0,0,5120,-,-,9256,0.00
Midnighter,0,0.06,0.00,16,Java,-,89,0,0,0,0,1,1,64,0,2715,-,-,21304,0.06
MikeCAT,-,-,-,9,C,-,73,-,0,-,-,0,2,-,-,9336,-,-,-,-
MikeOlsen,0,0.04,0.00,23,Java,-,88,0,1,0,0,1,3,64,0,2388,-,-,21428,0.04
Milanin,0,0.00,0.00,0,C++,-,44,0,0,0,0,0,0,0,0,16984,-,-,17920,0.00
MiminoCoder,0,0.00,0.00,25,C++,-,162,0,0,0,0,0,4,0,0,37576,-,-,2644,0.00
MinS,0,0.00,0.00,3,C++,-,61,0,0,0,0,0,0,0,0,36456,-,-,2636,0.00
MiroB,0,0.00,0.00,4,C++,-,54,0,0,0,0,0,4,0,0,43760,-,-,2356,0.00
Moonbay,0,0.00,0.00,13,C++,-,125,0,0,0,0,0,5,0,0,11576,-,-,2444,0.00
Moor,0,0.68,0.00,0,C++,-,91,0,0,0,0,0,0,0,0,26384,-,-,2688,0.67
MrRoach,-,-,-,5,C++,-,88,-,1,-,-,-1,5,-,-,-,-,-,-,-
NGG,0,0.07,0.00,5,C++,-,63,0,0,0,0,0,2,0,0,41584,-,-,10212,0.07
NKolotey,0,0.03,0.00,18,C#,System.Numerics,111,0,0,0,0,0,0,0,0,5120,-,-,11880,0.02
Naethure,0,0.48,0.05,12,Java,-,122,0,0,0,0,0,4,72,0,4124,-,-,63992,0.51
Neamh,0,0.00,0.00,11,C++,-,76,0,1,0,0,127,6,0,0,-,-,-,1428,0.00
NegaTeeF,0,2.77,0.02,7,C++,-,71,0,0,0,0,0,1,0,0,24464,-,-,166820,2.73
Nehzilrz,0,0.00,0.00,12,C++,-,117,0,0,0,0,0,0,0,0,13760,-,-,2444,0.00
NeilRickards,-,-,-,51,C#,System.Numerics,338,-,0,-,-,1,13,-,-,15360,-,-,-,-
NemBen,0,0.04,0.00,28,Java,-,140,0,1,0,0,1,0,64,0,4086,-,-,21276,0.04
Niall,0,0.02,0.00,3,Python,2.7,50,0,0,0,0,0,0,0,0,2743,-,-,6504,0.01
Nin0,0,0.02,0.00,6,Python,2.7,36,0,0,0,0,0,3,0,0,1847,-,-,6772,0.01
NovGosh,0,0.16,0.00,45,C++,-,166,0,0,0,0,0,5,0,0,62808,-,-,42932,0.15
Nyatl,0,0.00,0.00,13,C++,-,127,0,0,0,0,0,0,0,0,60752,-,-,2636,0.00
OIer1007,0,0.00,0.00,8,C++,-,55,0,1,0,0,127,0,0,0,-,-,-,1348,0.00
OJS,-,-,-,14,C#,-,152,-,0,-,-,1,1,-,-,4608,-,-,-,-
Oaky,0,0.04,0.00,9,C++,-,72,0,0,0,0,0,2,0,0,58176,-,-,2500,0.04
Oleg7,0,0.08,0.02,15,Java,-,113,0,0,0,0,1,9,64,0,3775,-,-,23996,0.06
OliverHallam,-,-,-,17,C#,-,117,-,0,-,-,1,2,-,-,5632,-,-,-,-
PavelChadnov,0,0.09,0.00,16,C++,-,102,0,0,0,0,0,0,0,0,50456,-,-,2616,0.07
PeachCP36,-,-,-,15,C++,-,126,-,1,-,-,-1,3,-,-,-,-,-,-,-
PetarV,0,0.00,0.00,11,C++,-,110,0,0,0,0,0,14,0,0,38768,-,-,2616,0.00
PetrR,0,0.05,0.00,22,Java,-,117,0,0,0,0,1,6,64,0,2825,-,-,26656,0.04
Petrus,0,0.04,0.00,13,Java,-,134,0,0,0,0,1,0,64,0,3676,-,-,21532,0.03
PhD,0,0.00,0.00,19,C++,-,138,0,0,0,0,0,0,0,0,64864,-,-,2668,0.00
PhilipPV,0,0.09,0.01,28,C++,-,99,0,0,0,0,0,45,0,0,38256,-,-,41688,0.07
Phobomaniak,-,-,-,1,C++,-,12,-,1,-,-,-1,0,-,-,-,-,-,-,-
Piano,-,-,-,3,C,-,49,-,0,-,-,0,0,-,-,8024,-,-,-,-
Pitex,0,0.00,0.00,5,C++,-,60,0,0,0,0,0,0,0,0,9648,-,-,2336,0.00
Plantony,-,-,-,14,Python,2.7,65,-,0,-,-,1,1,-,-,3202,-,-,-,-
Polichka,-,-,-,0,C++,-,58,-,1,-,-,-1,0,-,-,-,-,-,-,-
PotatO,-,-,-,1,Python,2.7,37,-,0,-,-,1,0,-,-,1451,-,-,-,-
Prahlad,-,-,-,6,C++,-,115,-,0,-,-,0,20,-,-,36504,-,-,-,-
Prezio,0,0.01,0.00,13,C++,-,92,0,0,0,0,0,3,0,0,74944,-,-,2600,0.00
ProjectZero,-,-,-,34,C++,-,109,-,4,-,-,-1,28,-,-,-,-,-,-,-
Psyduck43,0,0.00,0.00,3,C++,-,109,0,0,0,0,0,0,0,0,51136,-,-,2372,0.00
Pundrik,0,0.04,0.00,44,Java,-,200,0,0,0,0,1,5,64,0,4030,-,-,21344,0.04
QuentinB,-,-,-,20,Python,2.7,83,-,0,-,-,-15,2,-,-,3702,-,-,-,-
Quezak,0,0.39,0.00,27,C++,-,127,0,0,0,0,0,33,0,0,45968,-,-,80616,0.38
RalphFurmaniak,-,-,-,4,C++,-,49,-,1,-,-,-1,1,-,-,-,-,-,-,-
Ramsey,0,0.00,0.00,16,C++,-,95,0,1,0,0,127,0,0,0,-,-,-,1372,0.00
Raynald,0,0.00,0.00,3,C++,-,70,0,0,0,0,0,3,0,0,10432,-,-,2624,0.00
Revamped,0,0.45,0.03,16,Java,-,119,0,0,0,0,0,0,64,0,2736,-,-,35012,0.42
Revot,-,-,-,12,C#,-,97,-,1,-,-,-1,2,-,-,-,-,-,-,-
Rhinox,0,0.02,0.00,11,Python,2.7,47,0,0,0,0,0,1,8,0,3422,-,-,6372,0.01
RiKang,-,-,-,8,C++,-,83,-,1,-,-,-1,0,-,-,-,-,-,-,-
RicardoHahn,0,0.00,0.00,17,C++,-,60,0,0,0,0,0,0,0,0,17312,-,-,2348,0.00
Ripatti,0,0.02,0.00,21,C++,-,120,0,0,0,0,0,0,0,0,60272,-,-,41556,0.01
Ripounet,0,0.29,0.20,44,Java,-,216,0,0,0,0,1,14,64,0,6778,-,-,21292,0.14
Rmin,0,0.38,0.00,0,C++,-,64,0,0,0,0,0,0,0,0,23912,-,-,18452,0.38
Robinnibor,0,0.00,0.00,6,C++,-,46,0,0,0,0,0,7,0,0,9448,-,-,2128,0.00
RyanLeonel,0,8.84,3.14,4,C++,-,95,0,0,0,0,0,10,138040,0,75936,-,-,2524,5.69
SAS,0,0.00,0.00,1,C++,-,80,0,0,0,0,0,0,0,0,38440,-,-,2384,0.00
Sadia,0,0.00,0.00,0,C++,-,87,0,0,0,0,0,3,0,0,36328,-,-,2612,0.00
Safadurimo,0,0.00,0.00,6,C++,-,74,0,0,0,0,0,1,0,0,55288,-,-,2644,0.00
Sameth,0,0.01,0.00,3,C++,-,55,0,0,0,0,0,2,0,0,57688,-,-,2772,0.00
Savlik,0,0.00,0.00,8,C++,-,87,0,0,0,0,0,1,0,0,39568,-,-,2452,0.00
Schmeerskahoven,-,-,-,10,C++,-,74,-,0,-,-,-15,4,-,-,49800,-,-,-,-
Scintillo,0,0.01,0.00,36,C++,-,117,0,0,0,0,0,3,0,0,95408,-,-,2560,0.01
Scorpy,0,0.00,0.00,22,C++,-,92,0,0,0,0,0,0,0,0,19576,-,-,2676,0.00
SeMeKh,-,-,-,14,C++,-,103,-,0,-,-,-15,2,-,-,10512,-,-,-,-
SebP,0,0.00,0.00,9,C++,-,103,0,0,0,0,0,16,0,0,51288,-,-,2712,0.00
Sedols,-,-,-,3,C++,-,62,-,1,-,-,-1,0,-,-,-,-,-,-,-
Seikang,-,-,-,15,C++,-,96,-,1,-,-,-1,10,-,-,-,-,-,-,-
SergeyLazarev,0,0.04,0.00,33,Java,-,164,0,0,0,0,1,6,64,0,4916,-,-,21448,0.04
Serhiy,-,-,-,24,Java,-,110,-,1,-,-,-1,0,-,-,-,-,-,-,-
Servy,0,0.02,0.00,9,Python,2.7,38,0,0,0,0,0,0,0,0,1953,-,-,6996,0.01
SevagD,-,-,-,18,C++,-,75,-,1,-,-,-1,0,-,-,-,-,-,-,-
Shafaet,0,0.00,0.00,11,C++,-,129,0,1,0,0,127,4,0,0,-,-,-,1384,0.00
SharpC,0,0.03,0.00,5,C++,-,88,0,0,0,0,0,1,0,0,73256,-,-,2540,0.03
Sheimi,0,0.01,0.00,10,Python,2.7,55,0,0,0,0,0,1,0,0,2175,-,-,6544,0.01
Shloub,0,0.03,0.00,0,Python,2.7,41,0,0,0,0,0,4,0,0,1502,-,-,6492,0.02
Sigmav,0,0.00,0.00,20,C++,-,95,0,0,0,0,0,11,0,0,79824,-,-,2632,0.00
Sklyack,0,0.59,0.04,7,C++,-,77,0,0,0,0,0,0,137312,0,17056,-,-,2300,0.54
SkorKNURE,0,0.00,0.00,9,C++,-,119,0,0,0,0,0,6,0,0,41240,-,-,2644,0.00
SleepyToDeath,-,-,-,7,C++,-,77,-,1,-,-,-1,4,-,-,-,-,-,-,-
Snipx,0,0.00,0.00,6,C++,-,83,0,0,0,0,0,3,0,0,85720,-,-,2572,0.00
Sokata,0,4.54,0.00,60,Python,2.7,199,0,0,0,0,0,6,8,0,11895,-,-,7072,4.54
SometimesNaive,0,0.00,0.00,11,C++,-,75,0,0,0,0,0,1,0,0,36928,-,-,2612,0.00
SoraKasugano,0,0.00,0.00,0,C++,-,67,0,0,0,0,0,0,0,0,18288,-,-,2292,0.00
Soso,0,0.00,0.00,0,C++,-,52,0,0,0,0,0,0,0,0,17344,-,-,2408,0.00
SpiritsUnite,0,0.00,0.00,6,C++,-,78,0,0,0,0,0,0,0,0,51624,-,-,2544,0.00
Steap,0,1.66,0.00,17,Python,2.7,82,0,0,0,0,0,6,0,0,4041,-,-,7204,1.66
Storm,0,0.00,0.00,12,C++,-,69,0,0,0,0,0,0,0,0,44136,-,-,2632,0.00
Suboptimist,0,0.00,0.00,15,Python,2.7,78,0,0,0,0,0,0,0,0,3325,-,-,6408,0.00
Subscheme,0,0.00,0.00,29,C++,-,86,0,0,0,0,0,3,0,0,56848,-,-,2440,0.00
Suckzoo,-,-,-,1,C++,-,62,-,1,-,-,-1,0,-,-,-,-,-,-,-
Sunny,0,0.00,0.00,34,C++,-,88,0,1,0,0,127,1,0,0,-,-,-,1416,0.00
TLN,0,0.91,0.00,14,C++,-,112,0,0,0,0,0,4,0,0,38616,-,-,2560,0.91
TMandzu,-,-,-,28,C++,-,83,-,4,-,-,-1,8,-,-,-,-,-,-,-
Taehyun,-,-,-,0,C++,-,105,-,4,-,-,-1,1,-,-,-,-,-,-,-
Tagrimar,0,4.26,1.42,12,C++,-,87,0,0,0,0,134,7,0,0,48896,-,-,4196844,2.83
Takuma,-,-,-,8,C++,-,59,-,1,-,-,-1,2,-,-,-,-,-,-,-
Talibu,0,0.00,0.00,21,C++,-,92,0,0,0,0,0,2,0,0,70856,-,-,2644,0.00
Tariqul,-,-,-,13,C++,-,99,-,1,-,-,-1,6,-,-,-,-,-,-,-
Tautvydas,0,0.08,0.02,41,Java,-,197,0,1,0,0,1,16,64,0,3555,-,-,21592,0.06
Tavo92,0,0.00,0.00,16,C++,-,81,0,0,0,0,0,4,0,0,66832,-,-,2488,0.00
Tedtion,0,0.99,0.02,5,C++,-,74,0,0,0,0,0,0,137328,0,17400,-,-,2364,0.97
Teferi,-,-,-,12,C++,-,74,-,1,-,-,-1,2,-,-,-,-,-,-,-
Tehnar,-,-,-,15,C++,-,109,-,1,-,-,-1,7,-,-,-,-,-,-,-
Tejs,0,0.12,0.01,6,Java,-,56,0,0,0,0,0,0,64,0,2600,-,-,25620,0.10
Tema,-,-,-,27,Java,-,102,-,1,-,-,-1,16,-,-,-,-,-,-,-
Tenebrar,0,0.05,0.01,32,Java,-,118,0,0,0,0,1,5,64,0,3680,-,-,21340,0.03
Thanabhat,0,0.00,0.00,16,C++,-,79,0,0,0,0,0,13,0,0,39112,-,-,2708,0.00
The111,0,0.04,0.00,21,Java,-,95,0,0,0,0,1,11,64,0,3050,-,-,21404,0.03
TheGanis,0,0.00,0.00,20,C++,-,75,0,1,0,0,127,15,0,0,-,-,-,1384,0.00
Theron,-,-,-,32,Java,-,142,-,1,-,-,-1,1,-,-,-,-,-,-,-
ThinkFly,-,-,-,5,C++,-,147,-,1,-,-,-1,1,-,-,-,-,-,-,-
Towhid,0,0.00,0.00,18,C++,-,104,0,0,0,0,0,2,0,0,36760,-,-,2528,0.00
TrePe,0,0.02,0.00,3,C++,-,57,0,0,0,0,0,0,0,0,70440,-,-,2604,0.02
Trewq,0,0.00,0.00,2,C++,-,86,0,0,0,0,0,0,0,0,48552,-,-,2560,0.00
UglyTroLL,0,0.01,0.00,6,Python,2.7,54,0,0,0,0,0,0,8,0,1956,-,-,6676,0.01
Ummae,-,-,-,6,C++,-,99,-,1,-,-,-1,0,-,-,-,-,-,-,-
Uran,-,-,-,11,C++,-,106,-,1,-,-,-1,10,-,-,-,-,-,-,-
Utcur,0,0.44,0.00,3,C++,-,66,0,0,0,0,0,4,0,0,28592,-,-,18348,0.44
VArtem,0,0.06,0.02,34,Java,-,133,0,1,0,0,1,3,64,0,2908,-,-,21480,0.03
VSobin,-,-,-,15,C++,-,48,-,1,-,-,-1,0,-,-,-,-,-,-,-
VUAcoder,-,-,-,11,C++,-,129,-,1,-,-,-1,10,-,-,-,-,-,-,-
ValBazi,0,0.26,0.11,11,Java,-,115,0,0,0,0,1,16,64,0,3665,-,-,21460,0.13
VanBurgler,0,0.00,0.00,22,C++,-,71,0,0,0,0,0,3,0,0,10032,-,-,2468,0.00
VehicleOfPuzzle,0,0.19,0.01,8,Java,-,106,0,0,0,0,0,4,64,0,2892,-,-,32560,0.17
VladDracula,-,-,-,21,C++,-,93,-,1,-,-,-1,0,-,-,-,-,-,-,-
Volla,0,0.00,0.00,18,C++,-,95,0,0,0,0,0,14,0,0,10608,-,-,2484,0.00
Voro,0,0.02,0.00,22,C++,-,61,0,0,0,0,0,2,0,0,24512,-,-,18648,0.02
VotBear,0,0.14,0.00,7,C++,-,165,0,0,0,0,0,6,0,0,39688,-,-,66676,0.13
WDYD2004,0,0.00,0.00,3,C++,-,44,0,-15,0,0,127,76,0,0,-,-,-,1376,0.00
WHQ,-,-,-,51,C++,-,50,-,1,-,-,-1,0,-,-,-,-,-,-,-
WTFish,0,0.00,0.00,0,C++,-,68,0,0,0,0,0,0,0,0,17824,-,-,2228,0.00
Wassi,0,0.10,0.04,14,Java,-,78,0,0,0,0,1,3,64,0,2283,-,-,21244,0.05
WeakCoder,0,0.12,0.07,7,Java,-,104,0,0,0,0,1,5,64,0,3172,-,-,21456,0.04
WeiLiu,-,-,-,63,C#,System.Numerics,360,-,0,-,-,1,59,-,-,8704,-,-,-,-
Wookai,0,0.02,0.00,10,Python,2.7,54,0,0,0,0,0,0,0,0,2915,-,-,6556,0.00
XanderZonneveld,0,0.69,0.02,6,Java,-,69,0,0,0,0,0,5,64,0,1727,-,-,32968,0.67
Xay,0,0.00,0.00,9,C++,-,108,0,0,0,0,0,2,8,0,65280,-,-,2640,0.00
XiaoranZhang,0,0.00,0.00,12,C++,-,50,0,0,0,0,0,2,0,0,10464,-,-,2488,0.00
XraY,0,0.00,0.00,27,C++,-,153,0,0,0,0,0,4,0,0,30864,-,-,2740,0.00
Yao,-,-,-,7,C,-,105,-,0,-,-,0,3,-,-,10672,-,-,-,-
YerzhanU,0,0.00,0.00,4,C++,-,30,0,0,0,0,0,0,0,0,10440,-,-,2608,0.00
Ygge,0,0.10,0.00,22,Java,-,114,0,0,0,0,0,2,72,0,3141,-,-,25076,0.10
YiYi,-,-,-,26,C++,-,154,-,1,-,-,-1,9,-,-,-,-,-,-,-
Yossue,-,-,-,19,C#,System.Numerics,117,-,0,-,-,1,0,-,-,5632,-,-,-,-
YuMS,0,0.00,0.00,2,C++,-,69,0,0,0,0,0,6,0,0,36216,-,-,2448,0.00
Yubin,-,-,-,7,Python,2.7,49,-,0,-,-,1,2,-,-,1730,-,-,-,-
Yury,0,0.00,0.00,57,C++,-,134,0,0,0,0,134,4,0,0,45272,-,-,2520,0.00
Zikura,0,0.18,0.02,39,Java,-,129,0,0,0,0,0,0,64,0,3546,-,-,26768,0.14
ZloyBastard,-,-,-,20,C++,-,113,-,1,-,-,-1,8,-,-,-,-,-,-,-
ZooL,0,0.00,0.00,13,C++,-,155,0,0,0,0,0,3,0,0,49176,-,-,2468,0.00
Zuza,0,0.00,0.00,28,C++,-,84,0,0,0,0,0,9,0,0,85176,-,-,2540,0.00
aL13n,0,0.00,0.00,21,C++,-,89,0,0,0,0,0,11,0,0,46928,-,-,2772,0.00
abbi031892,0,0.20,0.00,20,C++,-,108,0,0,0,0,0,10,0,0,31896,-,-,71136,0.19
abeakkas,-,-,-,0,C++,-,62,-,1,-,-,-1,3,-,-,-,-,-,-,-
abhics1,0,0.27,0.00,10,Java,-,101,0,0,0,0,0,10,64,0,2482,-,-,29312,0.28
acmwfy,0,0.00,0.00,0,C++,-,123,0,0,0,0,0,0,0,0,11472,-,-,2628,0.00
addie9000,0,1.71,0.00,13,Python,2.7,49,0,0,0,0,0,4,0,0,1815,-,-,6456,1.71
adriana,0,0.01,0.00,7,Python,2.7,78,0,0,0,0,0,2,8,0,2085,-,-,6428,0.00
adsz,0,0.02,0.00,9,C++,-,63,0,0,0,0,0,4,0,0,68976,-,-,2432,0.02
aether42,0,0.00,0.00,29,C++,-,112,0,0,0,0,134,10,0,0,45576,-,-,2576,0.00
afourast,-,-,-,34,Python,2.7,74,-,0,-,-,-15,6,-,-,3183,-,-,-,-
ahaigh,-,-,-,19,C++,-,124,-,1,-,-,-1,22,-,-,-,-,-,-,-
ahri,0,0.01,0.00,11,C++,-,82,0,0,0,0,0,6,0,0,65064,-,-,2552,0.00
ajeygsi,0,0.00,0.00,27,C++,-,113,0,0,0,0,0,2,0,0,41152,-,-,2768,0.00
ajmburgospp,0,0.02,0.00,1,Python,2.7,39,0,0,0,0,0,6,0,0,1391,-,-,6508,0.01
akazakov,0,5.15,3.14,6,C++,-,81,0,0,0,0,0,1,137216,0,78096,-,-,2632,2.00
akbitis,0,0.00,0.00,10,C++,-,128,0,0,0,0,0,18,0,0,23040,-,-,2520,0.00
akhtyamovpavel,0,0.00,0.00,6,C++,-,86,0,1,0,0,127,8,0,0,-,-,-,1432,0.00
akulsareen,0,0.00,0.00,1,C++,-,108,0,0,0,0,0,4,0,0,71488,-,-,2488,0.00
alan790712,-,-,-,2,C,-,66,-,0,-,-,0,0,-,-,9432,-,-,-,-
alexMM,-,-,-,7,C++,-,85,-,0,-,-,-15,2,-,-,55776,-,-,-,-
allocator64,0,0.03,0.00,5,C++,-,64,0,0,0,0,0,0,0,0,85416,-,-,2704,0.02
allpiper,0,0.07,0.01,42,Java,-,124,0,0,0,0,1,5,64,0,3645,-,-,21228,0.05
alpc104,0,0.00,0.00,18,C++,-,102,0,0,0,0,134,2,0,0,43592,-,-,2544,0.00
alpc115,0,0.00,0.00,1,C++,-,70,0,0,0,0,0,1,0,0,20464,-,-,2504,0.00
alphank,0,0.09,0.02,17,Java,-,105,0,0,0,0,1,3,64,0,2541,-,-,21256,0.07
altk3ys,0,0.04,0.00,3,Python,2.7,22,0,0,0,0,0,0,0,0,2101,-,-,7012,0.04
alwayswa,0,0.00,0.00,2,C++,-,108,0,0,0,0,0,0,0,0,11824,-,-,2672,0.00
amitsaharana,-,-,-,16,C++,-,91,-,1,-,-,-1,3,-,-,-,-,-,-,-
amriteshanand,0,1.56,0.02,2,C++,-,96,0,0,0,0,0,1,0,0,9680,-,-,158852,1.53
andrehahn,0,0.02,0.00,6,C++,-,63,0,0,0,0,0,2,0,0,17152,-,-,3536,0.01
andrewlin16,0,0.21,0.02,29,Java,-,105,0,0,0,0,0,3,64,0,2354,-,-,48772,0.20
angwuy,0,0.00,0.00,12,C++,-,68,0,0,0,0,0,0,0,0,19744,-,-,2656,0.00
ankitg364,0,0.00,0.00,4,C++,-,89,0,0,0,0,0,0,8,0,19168,-,-,2612,0.00
anujkaliaiitd,0,0.10,0.00,6,Java,-,90,0,0,0,0,0,1,72,0,2385,-,-,27656,0.08
archies,-,-,-,7,C++,-,93,-,0,-,-,-15,0,-,-,27376,-,-,-,-
arieslam,0,0.06,0.01,11,Java,-,126,0,0,0,0,0,9,64,0,3794,-,-,21532,0.05
arijit91,0,0.79,0.00,17,C++,-,109,0,0,0,0,0,2,0,0,62720,-,-,18416,0.78
arjunarul,0,0.30,0.00,28,C++,-,65,0,0,0,0,0,11,0,0,24304,-,-,18488,0.29
artem200,-,-,-,6,C++,-,134,-,0,-,-,-15,1,-,-,114280,-,-,-,-
arthurpd,0,0.00,0.00,6,C++,-,72,0,0,0,0,0,2,0,0,40192,-,-,6456,0.00
asabdo,-,-,-,4,C++,-,70,-,1,-,-,-1,0,-,-,-,-,-,-,-
ashi009,0,0.00,0.00,4,C++,-,58,0,0,0,0,0,1,0,0,41784,-,-,2408,0.00
asundqui,0,0.00,0.00,11,C++,-,85,0,0,0,0,0,0,0,0,62264,-,-,2484,0.00
atariman486,0,0.00,0.00,16,C++,-,82,0,0,0,0,1,7,0,0,20240,-,-,2640,0.00
auguste,0,0.00,0.00,5,C++,-,64,0,0,0,0,0,1,0,0,32392,-,-,2440,0.00
b0b0b0b,0,0.09,0.02,12,Java,-,130,0,0,0,0,1,2,64,0,3240,-,-,21328,0.06
bachelor,-,-,-,4,C++,-,71,-,1,-,-,-1,6,-,-,-,-,-,-,-
bakesz,-,-,-,9,Java,-,79,-,0,-,-,-15,11,-,-,2548,-,-,-,-
balee,0,6.84,4.34,17,Java,-,85,0,0,0,0,0,12,64,0,2599,-,-,295656,2.31
bambit,0,0.08,0.00,5,Python,2.7,36,0,0,0,0,0,0,0,0,1445,-,-,6672,0.04
barryd,-,-,-,41,Python,2.7,148,-,0,-,-,1,9,-,-,7480,-,-,-,-
baukaman,0,0.00,0.00,40,C++,-,108,0,0,0,0,0,3,0,0,65592,-,-,2476,0.00
bcurcio,0,0.00,0.00,6,C++,-,60,0,0,0,0,0,2,0,0,40376,-,-,2640,0.00
bgdr,0,0.02,0.00,2,C++,-,57,0,0,0,0,0,2,0,0,48344,-,-,2604,0.02
biegaoxiao,0,0.00,0.00,13,C++,-,105,0,1,0,0,127,10,0,0,-,-,-,1348,0.00
bilbo,0,0.00,0.00,10,C++,-,208,0,0,0,0,0,14,0,0,16984,-,-,2448,0.00
billynyh,0,0.00,0.00,17,C++,-,76,0,0,0,0,0,3,0,0,35680,-,-,2628,0.00
bjano,0,0.08,0.02,27,Java,-,122,0,0,0,0,1,7,64,0,3637,-,-,21660,0.05
bluepichu,0,0.21,0.04,20,Java,-,131,0,0,0,0,0,2,72,0,4265,-,-,48932,0.17
bminus,-,-,-,7,C++,-,137,-,1,-,-,-1,2,-,-,-,-,-,-,-
bnkaki,0,0.44,0.00,17,C++,-,66,0,0,0,0,0,0,0,0,24872,-,-,60176,0.43
bnulzm,-,-,-,5,C++,-,51,-,1,-,-,-1,1,-,-,-,-,-,-,-
boris4,0,0.00,0.00,8,C++,-,71,0,0,0,0,0,0,0,0,21416,-,-,2756,0.00
bravefjz,-,-,-,6,C++,-,124,-,1,-,-,-1,2,-,-,-,-,-,-,-
brobo,0,0.13,0.03,5,Java,-,80,0,0,0,0,1,7,64,0,2844,-,-,21424,0.10
bruce3557,0,0.00,0.00,16,C++,-,67,0,0,0,0,0,0,0,0,33656,-,-,2476,0.00
bryanhe,0,0.00,0.00,21,C++,-,96,0,0,0,0,0,2,0,0,21520,-,-,2600,0.00
bsonrisa,0,0.00,0.00,20,C++,-,76,0,0,0,0,0,6,0,0,12744,-,-,2540,0.00
buko,0,0.00,0.00,4,C++,-,74,0,0,0,0,0,1,0,0,18944,-,-,2752,0.00
butozerca,0,0.00,0.00,5,C++,-,67,0,0,0,0,0,3,0,0,34256,-,-,2360,0.00
caishengnan1,-,-,-,33,C++,-,94,-,1,-,-,-1,23,-,-,-,-,-,-,-
calligrapha,0,0.71,0.00,2,Python,2.7,52,0,0,0,0,0,0,8,0,2460,-,-,53996,0.70
carolang,0,0.00,0.00,4,C++,-,58,0,1,0,0,127,0,0,0,-,-,-,1432,0.00
casaro,-,-,-,23,C#,-,112,-,0,-,-,1,0,-,-,7168,-,-,-,-
catupper,0,0.06,0.00,5,C++,-,82,0,0,0,0,0,0,0,0,38128,-,-,37948,0.04
cchao,0,0.00,0.00,2,C++,-,47,0,0,0,0,0,3,0,0,26464,-,-,2600,0.00
ccsnoopy,0,0.00,0.00,9,C++,-,77,0,0,0,0,0,5,944,0,58648,-,-,2372,0.00
cebrusfs,0,0.63,0.00,18,C++,-,67,0,0,0,0,0,1,0,0,24776,-,-,18204,0.63
charango,0,0.02,0.00,4,Python,2.7,36,0,0,0,0,0,1,0,0,1874,-,-,6588,0.01
chocimir,-,-,-,4,C++,-,66,-,0,-,-,-15,2,-,-,67360,-,-,-,-
cjbolanos,-,-,-,11,Java,-,98,-,1,-,-,-1,2,-,-,-,-,-,-,-
cjc,0,0.00,0.00,5,C++,-,70,0,1,0,0,127,0,0,0,-,-,-,1372,0.00
cjoa,0,0.00,0.00,16,C++,-,91,0,0,0,0,0,12,0,0,51136,-,-,2516,0.00
cjqcjq,0,0.32,0.00,7,C++,-,120,0,0,0,0,0,0,0,0,24728,-,-,18380,0.32
cjtoribio,0,0.06,0.00,5,C++,-,78,0,0,0,0,0,3,8,0,38328,-,-,46508,0.05
clippit,-,-,-,8,Python,2.7,40,-,0,-,-,1,4,-,-,2542,-,-,-,-
cloudzfy,0,0.00,0.00,2,C++,-,85,0,0,0,0,0,7,0,0,8768,-,-,2316,0.00
codeplay,0,0.00,0.00,9,C++,-,108,0,0,0,0,0,1,0,0,19104,-,-,2628,0.00
constantAmateur,-,-,-,3,Python,2.7,69,-,0,-,-,1,15,-,-,2234,-,-,-,-
corile,-,-,-,25,Java,-,101,-,1,-,-,-1,7,-,-,-,-,-,-,-
courtesy,-,-,-,4,C,-,111,-,0,-,-,-15,0,-,-,9424,-,Timeout,-,-
covganet,0,0.14,0.02,16,Java,-,126,0,0,0,0,0,1,72,0,2444,-,-,27172,0.11
cseri,-,-,-,27,C++,-,123,-,1,-,-,-1,5,-,-,-,-,-,-,-
cxlove321,0,0.00,0.00,12,C++,-,147,0,0,0,0,0,3,0,0,78856,-,-,17492,0.00
cyberhuman,0,0.00,0.00,4,C++,-,68,0,0,0,0,1,0,0,0,19920,-,-,2472,0.00
cyl,0,0.06,0.00,5,Python,2.7,33,0,0,0,0,0,3,0,0,1243,-,-,8244,0.05
cyon,0,0.12,0.01,11,Java,-,84,0,0,0,0,0,4,64,0,2936,-,-,26244,0.10
cyph1e,0,0.03,0.00,11,Python,3.5,49,0,0,0,0,0,0,0,0,2438,-,-,8180,0.02
czapla,0,0.00,0.00,8,C++,-,82,0,0,0,0,0,5,0,0,18432,-,-,2440,0.00
dailycoffee,0,0.02,0.00,4,Python,2.7,45,0,0,0,0,0,2,0,0,2120,-,-,6644,0.01
daiwb,0,0.00,0.00,12,C++,-,84,0,0,0,0,0,0,0,0,36136,-,-,2508,0.00
danito,0,0.35,0.00,17,Python,2.7,45,0,0,0,0,0,4,0,0,1629,-,-,6600,0.34
danmysak,0,9.30,0.02,9,C++,-,67,0,0,0,0,136,0,0,0,9600,-,-,158148,9.28
dano,0,0.00,0.00,10,C++,-,72,0,0,0,0,0,0,0,0,35448,-,-,2628,0.00
darkKelvin,0,0.38,0.00,1,C++,-,113,0,0,0,0,0,0,0,0,36552,-,-,18236,0.38
darkstallion,0,0.01,0.00,2,C++,-,78,0,0,0,0,0,1,0,0,52944,-,-,2648,0.00
darkstar1863,-,-,-,22,C++,-,158,-,1,-,-,-1,1,-,-,-,-,-,-,-
darrenhp,0,0.00,0.00,9,C++,-,89,0,0,0,0,0,8,0,0,35944,-,-,2800,0.00
dasko,0,0.00,0.00,10,C++,-,110,0,0,0,0,0,1,0,0,64032,-,-,2420,0.00
david942j,0,0.00,0.00,0,C++,-,81,0,0,0,0,0,5,0,0,50648,-,-,2296,0.00
davir,0,0.00,0.00,5,C++,-,94,0,0,0,0,0,1,0,0,22592,-,-,3004,0.00
ddakev,0,0.00,0.00,1,C++,-,55,0,0,0,0,0,6,0,0,41000,-,-,2512,0.00
ddyyxx,0,0.00,0.00,0,C++,-,98,0,0,0,0,0,0,0,0,19248,-,-,2684,0.00
delps,-,-,-,64,C#,-,218,-,1,-,-,-1,2,-,-,-,-,-,-,-
demiurgo,0,0.01,0.00,53,Python,2.7,95,0,0,0,0,2,18,0,0,4313,-,-,7816,0.01
denehs,0,0.00,0.00,25,C++,-,102,0,0,0,0,0,0,0,0,48344,-,-,2504,0.00
deshu,0,0.00,0.00,2,C++,-,52,0,0,0,0,0,8,0,0,41576,-,-,2612,0.00
desmond123,0,0.00,0.00,2,C++,-,92,0,0,0,0,0,6,0,0,47288,-,-,2652,0.00
deukmo,0,0.04,0.00,22,Java,-,99,0,0,0,0,1,2,64,0,2824,-,-,21244,0.04
dhananjoy,-,-,-,30,C++,-,94,-,1,-,-,-1,7,-,-,-,-,-,-,-
diam,-,-,-,9,C++,-,89,-,0,-,-,-15,9,-,-,10088,-,-,-,-
didrone,0,0.11,0.02,23,Java,-,106,0,0,0,0,0,0,72,0,2805,-,-,25660,0.08
digitalPhonix,0,0.05,0.00,8,C#,-,148,0,0,0,0,0,6,0,0,5632,-,-,14000,0.04
dinario,-,-,-,6,C++,-,56,-,1,-,-,-1,2,-,-,-,-,-,-,-
divanshu,0,0.00,0.00,12,C++,-,107,0,0,0,0,0,5,0,0,36752,-,-,2624,0.00
dogbox,0,0.01,0.00,1,Python,2.7,30,0,0,0,0,0,0,0,0,1144,-,-,7020,0.00
domeng,0,0.00,0.00,10,C++,-,141,0,1,0,0,127,2,0,0,-,-,-,1384,0.00
doodoong,-,-,-,15,C++,-,64,-,1,-,-,-1,6,-,-,-,-,-,-,-
dpaneda,0,0.01,0.00,14,Python,2.7,46,0,0,0,0,0,3,0,0,2345,-,-,6544,0.01
druidh,0,0.02,0.00,14,Python,2.7,52,0,0,0,0,0,18,0,0,1596,-,-,6648,0.01
dumpling,0,0.00,0.00,5,C++,-,73,0,0,0,0,0,10,0,0,35264,-,-,2736,0.00
dvdreddy,0,0.00,0.00,12,C++,-,76,0,0,0,0,0,7,0,0,53176,-,-,2620,0.00
eagermindwhz,0,0.00,0.00,1,C++,-,59,0,0,0,0,0,6,0,0,20536,-,-,2568,0.00
eater,-,-,-,36,C++,-,81,-,0,-,-,-15,8,-,-,35312,-,-,-,-
eatmore,0,0.34,0.08,19,Java,-,161,0,0,0,0,0,0,64,0,4295,-,-,26504,0.24
ebyrob,0,0.76,0.00,18,C++,-,108,0,0,0,0,0,43,0,0,10272,-,-,41400,0.74
ecoyac,-,-,-,21,C++,-,78,-,1,-,-,-1,3,-,-,-,-,-,-,-
ede,-,-,-,5,Java,-,91,-,1,-,-,-1,11,-,-,-,-,-,-,-
elinton,0,0.30,0.06,95,Java,-,360,0,1,0,0,1,31,64,0,-,-,-,21284,0.22
eltrai,0,0.02,0.00,7,Python,3.5,55,0,0,0,0,0,14,0,0,2387,-,-,8140,0.02
emka207,0,0.03,0.00,6,C#,-,76,16,0,0,0,0,0,0,0,4608,-,-,11848,0.02
enkait,0,0.00,0.00,8,C++,-,133,0,0,0,0,0,0,0,0,40320,-,-,2612,0.00
eomole,-,-,-,14,Java,-,156,-,0,-,-,0,3,-,-,5586,-,-,-,-
epsilonm,0,0.10,0.00,11,Python,2.7,38,0,0,0,0,0,0,0,0,1723,-,-,14780,0.09
erickulcyk,0,0.00,0.00,16,C++,-,114,0,0,0,0,0,9,0,0,47472,-,-,2728,0.00
esplanade,-,-,-,9,C++,-,99,-,1,-,-,-1,1,-,-,-,-,-,-,-
exod40,-,-,-,41,C++,-,128,-,1,-,-,-1,6,-,-,-,-,-,-,-
facanferff,0,0.04,0.00,18,C++,-,118,0,0,0,0,0,6,0,0,97448,-,-,2656,0.04
farzadab,0,0.00,0.00,19,C++,-,96,0,0,0,0,0,1,0,0,22000,-,-,2652,0.00
fastblood,-,-,-,25,C++,-,89,-,1,-,-,-1,1,-,-,-,-,-,-,-
fayyaz,0,0.20,0.05,22,Java,-,124,0,0,0,0,0,12,72,0,3805,-,-,32704,0.15
felix13,-,-,-,8,C++,-,85,-,1,-,-,-1,113,-,-,-,-,-,-,-
fetetriste,0,0.09,0.00,19,Java,-,128,0,0,0,0,0,0,72,0,4258,-,-,25572,0.08
firemansam,0,0.00,0.00,3,C++,-,56,0,0,0,0,0,3,0,0,35280,-,-,2356,0.00
fortcpeam,0,0.00,0.00,10,C++,-,66,0,0,0,0,0,3,0,0,21872,-,-,2292,0.00
framalex,0,0.08,0.02,18,Java,-,108,0,1,0,0,1,0,64,0,3871,-,-,21260,0.05
francoisvn,-,-,-,9,Python,2.7,58,-,0,-,-,-15,6,-,-,1607,-,-,-,-
frp,0,0.08,0.00,2,C++,-,51,0,0,0,0,0,0,0,0,38880,-,-,2472,0.04
fswenton,-,-,-,21,C++,-,81,-,1,-,-,-1,2,-,-,-,-,-,-,-
fudq,0,0.03,0.00,7,C++,-,116,0,0,0,0,0,6,944,0,11496,-,-,2736,0.03
fugusuki,0,0.07,0.01,7,C#,-,41,0,0,0,0,0,0,0,0,7168,-,-,32612,0.05
fuhuoyeyou,0,0.00,0.00,3,C++,-,95,0,0,0,0,134,28,0,0,36632,-,-,2608,0.00
fvbommel,-,-,-,28,C++,-,94,-,0,-,-,-15,3,-,-,70584,-,-,-,-
gaurav708,0,0.00,0.00,5,C++,-,80,0,0,0,0,0,1,0,0,63280,-,-,2720,0.00
gdlg,0,0.00,0.00,21,C++,-,92,0,0,0,0,0,3,0,0,41512,-,-,2636,0.00
ged,0,0.06,0.00,21,Java,-,133,0,0,0,0,1,5,64,0,3492,-,-,21500,0.05
geniusjazz,-,-,-,10,C++,-,67,-,4,-,-,-1,4,-,-,-,-,-,-,-
geras,0,0.85,0.00,0,C++,-,111,0,0,0,0,0,1,0,0,38480,-,-,34612,0.85
giongto35,0,0.00,0.00,9,C++,-,97,0,0,0,0,0,4,0,0,22936,-,-,2564,0.00
gleiz,0,0.01,0.00,9,C++,-,89,0,0,0,0,0,0,0,0,17888,-,-,10340,0.00
gleraromero,0,0.02,0.00,16,C++,-,133,0,0,0,0,0,1,0,0,57048,-,-,3104,0.02
goober,-,-,-,10,C, lm ,73,-,0,-,-,0,0,-,-,8376,-,-,-,-
gpvg,-,-,-,20,C#,-,97,-,0,-,-,1,8,-,-,4608,-,-,-,-
greg,-,-,-,16,Python,2.7,72,-,0,-,-,1,12,-,-,2886,-,-,-,-
grw,0,0.11,0.04,35,Java,-,411,0,0,0,0,1,6,64,0,2106,-,-,26860,0.06
gsz,0,0.01,0.00,13,Python,2.7,78,0,0,0,0,0,4,0,0,4560,-,-,7108,0.01
guar,0,0.25,0.00,5,C++,-,106,0,0,0,0,0,3,0,0,72784,-,-,2384,0.25
gus3001,0,0.07,0.02,28,Java,-,178,0,1,0,0,1,2,64,0,4078,-,-,21508,0.04
hackedd,0,0.02,0.00,16,Python,2.7,57,0,0,0,0,0,5,0,0,2546,-,-,6648,0.02
hanhan0912,-,-,-,8,C++,-,144,-,0,-,-,-15,12,-,-,32792,-,-,-,-
hasipon,0,0.03,0.00,0,C++,-,49,0,0,0,0,0,0,0,0,82160,-,-,2684,0.02
haxxpop,0,0.36,0.00,5,C++,-,58,0,0,0,0,0,0,0,0,21912,-,-,22760,0.36
hiltarc,0,0.00,0.00,5,C++,-,85,0,0,0,0,0,2,0,0,33696,-,-,2396,0.00
hjc112358,-,-,-,8,C++,-,115,-,1,-,-,-1,2,-,-,-,-,-,-,-
homewrecker,0,0.04,0.00,21,Java,-,78,0,0,0,0,1,1,64,0,3000,-,-,21288,0.04
hongjun7,0,0.00,0.00,1,C++,-,68,0,0,0,0,0,0,8,0,18920,-,-,2300,0.00
hsys,0,0.01,0.00,7,Python,2.7,41,0,0,0,0,0,6,0,0,1435,-,-,6492,0.01
humblefool,0,0.53,0.23,24,Java,-,129,0,0,0,0,0,4,72,0,2962,-,-,28684,0.32
hyeonguk,0,0.00,0.00,24,C++,-,96,0,0,0,0,0,0,0,0,41552,-,-,2284,0.00
iamnoobi,0,0.04,0.00,3,Java,-,82,0,0,0,0,0,2,64,0,2658,-,-,21304,0.04
icedtrees,0,5.97,0.00,10,Python,2.7,40,0,0,0,0,0,8,8,0,1541,-,-,6560,5.97
idy,0,0.04,0.00,6,C++,-,102,0,0,0,0,0,3,0,0,96656,-,-,2560,0.04
igerasim,-,-,-,6,C++,-,68,-,1,-,-,-1,0,-,-,-,-,-,-,-
iknownothingitstasty,0,0.09,0.02,3,Java,-,69,0,0,0,0,1,0,64,0,3072,-,-,21428,0.06
inemnitable,0,4.92,0.00,1,Python,2.7,35,0,0,0,0,0,1,0,0,1796,-,-,6956,4.91
int,0,0.00,0.00,6,C++,-,52,0,0,0,0,0,0,0,0,18816,-,-,2392,0.00
iphkwan,0,0.00,0.00,2,C++,-,88,0,0,0,0,0,3,0,0,22160,-,-,2648,0.00
ir5,0,0.86,0.04,24,C++,-,148,0,0,0,0,0,10,0,0,74416,-,-,264764,0.82
isaacchao,0,0.03,0.00,26,Python,2.7,62,0,0,0,0,0,13,0,0,2697,-,-,7176,0.03
isti757,0,0.00,0.00,17,C++,-,114,112,0,0,0,134,1,0,1,44088,-,-,2616,0.00
ituphanov,0,0.00,0.00,15,C++,-,95,0,0,0,0,0,0,0,0,37352,-,-,2396,0.00
itzkow,-,-,-,58,C++,-,131,-,1,-,-,-1,1,-,-,-,-,-,-,-
jah,0,0.05,0.00,14,Java,-,83,0,0,0,0,1,1,64,0,2736,-,-,21440,0.05
jainor,0,0.08,0.00,34,C++,-,81,0,0,0,0,0,0,0,0,38400,-,-,41452,0.07
jamu,0,0.23,0.02,32,Java,-,120,0,0,0,0,0,1,64,0,3752,-,-,31524,0.24
jaro3000,0,0.04,0.00,17,C++,-,126,0,0,0,0,0,3,0,0,34928,-,-,19012,0.02
jasonkit,-,-,-,19,C,-,66,-,0,-,-,0,6,-,-,7912,-,-,-,-
javadecoder,0,0.00,0.00,3,C++,-,92,0,0,0,0,0,0,0,0,27976,-,-,2532,0.00
jbaek,0,0.30,0.00,18,Python,2.7,72,0,0,0,0,0,4,0,0,2938,-,-,27624,0.29
jdream,0,0.00,0.00,1,C++,-,56,0,0,0,0,0,0,0,0,19128,-,-,2292,0.00
jerdno,0,0.00,0.00,7,C++,-,100,0,0,0,0,0,5,0,0,24376,-,-,2344,0.00
jki14,0,0.36,0.03,32,C++,-,201,0,0,0,0,0,25,0,0,53128,-,-,166764,0.32
jlfwong,-,-,-,28,Python,2.7,99,-,0,-,-,-15,2,-,-,4566,-,-,-,-
jmurray,0,1.01,0.01,5,C++,-,83,0,0,0,0,0,3,0,0,47576,-,-,18364,1.00
jnewhouse,0,0.04,0.00,5,Python,2.7,47,0,0,0,0,0,0,0,0,2218,-,-,7288,0.04
joeyzhou,-,-,-,14,C++,-,59,-,1,-,-,-1,0,-,-,-,-,-,-,-
johannesk,0,1.70,0.00,22,C++,-,69,0,0,0,0,0,8,0,0,47960,-,-,34216,1.69
johngs,0,0.39,0.00,22,C++,-,151,0,0,0,0,0,10,0,0,26384,-,-,26020,0.38
jsalot,0,0.43,0.00,80,C++,-,800,0,0,0,0,0,73,8,0,185008,-,-,2864,0.43
jskhirtladze,0,0.00,0.00,12,C++,-,71,0,0,0,0,0,11,0,0,35704,-,-,2336,0.00
jteosw,0,0.22,0.00,16,Java,-,97,0,0,0,0,0,3,64,0,2522,-,-,33068,0.22
jthread,0,0.02,0.00,4,C#,-,93,0,0,0,0,0,0,0,0,4608,-,-,10556,0.02
juanplopes2,0,0.09,0.00,13,C++,-,80,0,0,0,0,0,0,0,0,73976,-,-,2500,0.09
jureslak,0,0.07,0.00,8,Python,2.7,45,0,0,0,0,0,7,0,0,1671,-,-,7752,0.06
juwon,0,0.00,0.00,15,C++,-,96,0,0,0,0,0,0,0,0,86016,-,-,2372,0.00
jyhuang,0,0.00,0.00,6,C++,-,58,0,0,0,0,0,0,0,0,57128,-,-,2736,0.00
k1tty,0,0.22,0.01,6,Java,-,71,0,1,0,0,1,4,64,0,1804,-,-,21536,0.21
kansuke,0,0.35,0.01,8,Java,-,94,0,0,0,0,0,0,64,0,3137,-,-,50212,0.38
karanaggarwal,0,0.01,0.00,8,C++,-,101,0,0,0,0,0,7,0,0,10208,-,-,10508,0.00
karsten,0,0.04,0.00,3,Java,-,97,0,0,0,0,1,8,64,0,3391,-,-,21372,0.04
karthikabinav,0,0.12,0.00,17,C++,-,87,0,0,0,0,0,3,0,0,37736,-,-,3180,0.12
kbavar,0,0.00,0.00,9,C++,-,52,0,0,0,0,0,2,0,0,9936,-,-,2576,0.00
kcd,0,0.00,0.00,23,C++,-,182,0,0,0,0,134,0,0,0,134496,-,-,2700,0.00
keemy,0,0.01,0.00,25,Python,2.7,44,0,0,0,0,0,3,8,0,1762,-,-,6524,0.01
keepon,0,0.04,0.01,11,Java,-,110,0,0,0,0,1,5,64,0,3357,-,-,21424,0.03
keninqc,0,0.00,0.00,19,C++,-,126,0,1,0,0,127,27,0,0,-,-,-,1276,0.00
khelman,0,0.04,0.00,38,Java,-,104,0,0,0,0,1,1,64,0,2456,-,-,21292,0.03
khuebeo,-,-,-,38,C++,-,141,-,0,-,-,-15,10,-,-,40400,-,-,-,-
kirxcy,0,0.06,0.01,40,Java,-,123,0,0,0,0,1,12,64,0,2781,-,-,21332,0.04
kivus,0,0.07,0.02,32,Java,-,156,0,0,0,0,0,35,64,0,4661,-,-,21744,0.04
kkl,0,0.00,0.00,14,C++,-,72,0,0,0,0,0,1,0,0,32488,-,-,2352,0.00
klad2008,-,-,-,0,C++,-,131,-,0,-,-,-15,0,-,-,22568,-,-,-,-
klemen,0,0.00,0.00,14,C++,-,81,0,0,0,0,0,6,0,0,34824,-,-,2308,0.00
kmatsunaga,0,0.00,0.00,3,C++,-,129,0,0,0,0,0,5,0,0,43744,-,-,2640,0.00
knah,-,-,-,17,C++,-,106,-,1,-,-,-1,0,-,-,-,-,-,-,-
kobra,0,0.01,0.00,10,C++,-,107,0,0,0,0,0,0,944,0,32992,-,-,2620,0.00
koczkatamas,-,-,-,22,C#,System.Numerics,131,-,0,-,-,1,1,-,-,7680,-,-,-,-
koensw,0,0.00,0.00,15,C++,-,75,0,0,0,0,0,4,0,0,40848,-,-,2652,0.00
kokalishte,0,0.00,0.00,12,C++,-,127,0,0,0,0,0,3,0,0,89640,-,-,2428,0.00
kokki100,-,-,-,1,C++,-,69,-,1,-,-,-1,2,-,-,-,-,-,-,-
korifey,-,-,-,17,Java,-,60,-,1,-,-,-1,0,-,-,-,-,-,-,-
kormyshov,-,-,-,38,C++,-,152,-,1,-,-,-1,19,-,-,-,-,-,-,-
koshi,-,-,-,14,C++,-,65,-,1,-,-,-1,2,-,-,-,-,-,-,-
kostka,0,0.00,0.00,8,C++,-,88,0,0,0,0,0,0,0,0,36440,-,-,2660,0.00
kostyaby,0,0.03,0.00,12,C++,-,82,0,0,0,0,0,7,0,0,52368,-,-,18312,0.02
kpirate,-,-,-,15,Python,3.5,77,-,0,-,-,1,59,-,-,-,-,-,-,-
ksmaHK,0,0.14,0.00,6,Java,-,71,0,0,0,0,0,0,64,0,1790,-,-,27296,0.14
kucing42,0,0.00,0.00,1,C++,-,64,0,0,0,0,0,1,0,0,64608,-,-,3008,0.00
kunix,-,-,-,15,C++,-,124,-,1,-,-,-1,0,-,-,-,-,-,-,-
kuno4n,0,0.15,0.00,10,C++,-,102,0,0,0,0,0,4,0,0,53904,-,-,2760,0.08
kuxi,0,1.59,0.05,21,Python,2.7,176,0,0,0,0,0,9,0,0,7624,-,-,34700,1.40
lancelot,0,0.84,0.03,1,C++,-,72,0,-15,0,0,0,3,137504,0,36448,-,-,2764,0.80
lardingd,0,0.10,0.01,15,Java,-,149,0,0,0,0,1,5,64,0,2685,-,-,21328,0.08
leefour,0,0.00,0.00,5,C++,-,88,0,0,0,0,0,1,0,0,34120,-,-,2760,0.00
liangfan,0,0.00,0.00,42,C++,-,185,0,0,0,0,1,1,0,0,110944,-,-,2720,0.00
liangjiaxing,0,1.23,0.04,6,C++,-,65,0,0,0,0,0,2,137496,0,34792,-,-,2372,1.18
like680623,0,0.00,0.00,36,C++,-,91,0,0,0,0,0,7,0,0,22840,-,-,2616,0.00
lintaor1,0,0.00,0.00,12,C++,-,80,0,0,0,0,0,17,0,0,38192,-,-,2772,0.00
linweiway67,0,3.63,0.00,4,C++,-,110,0,0,0,0,0,8,936,0,38744,-,-,5776,3.63
lisang,0,0.00,0.00,38,C++,-,112,0,1,0,0,127,1,0,0,-,-,-,1440,0.00
liymouse,0,0.00,0.00,4,C++,-,92,0,0,0,0,0,0,0,0,36296,-,-,2576,0.00
lkq1992yeah,0,0.00,0.00,8,C++,-,80,0,0,0,0,0,3,0,0,16952,-,-,2436,0.00
localcoder,0,0.13,0.02,21,Java,-,157,0,0,0,0,1,8,64,0,3200,-,-,21284,0.09
logforjames,-,-,-,8,C++,-,82,-,1,-,-,-1,0,-,-,-,-,-,-,-
lomegor,0,0.03,0.00,3,Python,2.7,38,0,0,0,0,0,1,0,0,1476,-,-,6560,0.03
lookingfor,0,0.00,0.00,12,C++,-,96,0,0,0,0,0,1,0,0,83792,-,-,2612,0.00
lopek,0,0.00,0.00,14,C++,-,137,0,0,0,0,0,3,0,0,44048,-,-,2804,0.00
lordstefano,0,0.61,0.00,4,C++,-,72,0,0,0,0,0,2,0,0,48680,-,-,2648,0.60
loserup,-,-,-,28,C++,-,109,-,0,-,-,-15,1,-,-,39768,-,-,-,-
lraszkiewicz,0,0.00,0.00,1,C++,-,41,0,0,0,0,0,2,0,0,55392,-,-,2476,0.00
lrcgf,-,-,-,23,C++,-,95,-,1,-,-,-1,7,-,-,-,-,-,-,-
lucasmaciel,0,0.00,0.00,8,C++,-,65,0,0,0,0,0,1,0,0,42776,-,-,2636,0.00
lukcman,0,0.15,0.02,28,Java,-,124,0,0,0,0,0,1,72,0,3535,-,-,24144,0.12
lurker,0,0.18,0.00,9,Python,2.7,44,0,0,0,0,0,4,0,0,1811,-,-,6788,0.09
luszczyk,0,0.50,0.00,25,Python,2.7,53,0,0,0,0,0,2,0,0,2436,-,-,6756,0.50
luyi0619,0,6.49,1.33,8,C++,-,91,0,0,0,0,134,4,8,0,35040,-,-,4197168,5.15
lxhgww,0,0.17,0.00,5,C++,-,72,0,0,0,0,0,2,0,0,45992,-,-,2664,0.16
lysine,0,0.00,0.00,13,C++,-,62,0,0,0,0,0,4,0,0,40136,-,-,2564,0.00
maciejk,0,0.82,0.00,21,C++,-,156,0,0,0,0,0,3,0,0,76824,-,-,51664,0.82
madxmad,0,0.00,0.00,13,C++,-,65,0,0,0,0,0,3,0,0,24616,-,-,2400,0.00
magicalhobo,0,0.00,0.00,3,Python,2.7,61,0,0,0,0,2,0,0,0,-,-,-,6088,0.00
magrady,0,0.00,0.00,2,C++,-,58,0,1,0,0,127,7,0,0,-,-,-,1428,0.00
maiyatang,0,0.00,0.00,1,C++,-,78,0,0,0,0,0,1,0,0,10800,-,-,2480,0.00
makhan,0,0.00,0.00,23,C++,-,75,0,0,0,0,0,2,0,0,34880,-,-,2324,0.00
manvmanv,0,0.00,0.00,6,C++,-,66,0,0,0,0,0,0,0,0,22016,-,-,2524,0.00
marcalla,0,0.00,0.00,9,C++,-,66,0,0,0,0,0,4,0,0,34672,-,-,2292,0.00
marioac,0,0.00,0.00,9,C++,-,47,0,0,0,0,0,3,0,0,87464,-,-,2496,0.00
mark2222,0,0.00,0.00,0,C++,-,95,0,0,0,0,0,15,944,0,59096,-,-,2368,0.00
mark5434,0,0.09,0.02,7,Java,-,87,0,0,0,0,0,11,64,0,2211,-,-,21540,0.06
martinezgjuan,-,-,-,24,Java,-,67,-,0,-,-,-15,1,-,-,1830,-,-,-,-
marwanpp,0,0.00,0.00,32,C++,-,118,0,0,0,0,0,14,0,0,69592,-,-,2488,0.00
mastersobg,0,0.17,0.06,18,Java,-,126,0,0,0,0,0,2,72,0,3891,-,-,26856,0.10
mateusz95,-,-,-,23,C++,-,72,-,1,-,-,-1,1,-,-,-,-,-,-,-
mathlover,0,0.59,0.00,2,C++,-,69,0,0,0,0,0,6,0,0,10536,-,-,2508,0.59
maverick0122,0,0.00,0.00,7,C++,-,83,0,0,0,0,0,7,0,0,9584,-,-,2212,0.00
maweaver,-,-,-,15,C++,-,84,-,1,-,-,-1,5,-,-,-,-,-,-,-
mazy,0,0.00,0.00,7,C++,-,137,0,0,0,0,0,6,0,0,11144,-,-,2500,0.00
mcamac,0,0.25,0.00,13,Python,2.7,34,0,0,0,0,0,2,0,0,1541,-,-,6704,0.24
mcsharma1990,-,-,-,8,Java,-,98,-,2,-,-,-1,4,-,-,-,-,-,-,-
megaserg,0,0.00,0.00,25,C++,-,77,0,0,0,0,0,4,0,0,33760,-,-,2616,0.00
meret,0,0.14,0.00,13,C++,-,158,0,0,0,0,0,0,0,0,65416,-,-,67380,0.13
meta,0,0.00,0.00,12,C++,-,73,0,0,0,0,0,5,0,0,44272,-,-,2644,0.00
mexmans,0,0.00,0.00,0,C++,-,136,0,0,0,0,0,0,0,0,70792,-,-,2476,0.00
mfv,0,0.22,0.02,13,Java,-,97,0,0,0,0,0,0,64,0,2633,-,-,48408,0.16
mherzberg,0,4.82,0.28,21,C++,-,83,0,0,0,0,0,0,0,0,36096,-,-,1643252,4.54
michu,0,0.16,0.00,9,C++,-,77,0,0,0,0,0,2,0,0,25184,-,-,18332,0.16
mikimi,0,0.03,0.00,9,Python,2.7,66,0,0,0,0,0,5,0,0,2519,-,-,6656,0.03
mincomp,-,-,-,15,C++,-,95,-,1,-,-,-1,0,-,-,-,-,-,-,-
mindprince,0,0.06,0.00,7,Java,-,109,0,0,0,0,1,4,64,0,2612,-,-,21288,0.05
minus9d,0,0.00,0.00,17,C++,-,80,0,0,0,0,0,2,0,0,62416,-,-,2380,0.00
mishun,0,0.00,0.00,35,C++,-,112,0,0,0,0,0,0,0,0,59272,-,-,2636,0.00
mitaki28,0,0.30,0.00,10,C++,-,84,0,0,0,0,0,0,0,0,24928,-,-,18604,0.30
mkagenius,0,0.00,0.00,7,C++,-,64,0,0,0,0,0,2,0,0,57008,-,-,2500,0.00
mkut,0,0.03,0.00,7,C++,-,64,0,0,0,0,0,2,0,0,73736,-,-,2532,0.02
ml2,0,0.09,0.00,7,Python,2.7,59,0,0,0,0,0,7,0,0,1714,-,-,6864,0.09
mmagdi,0,0.00,0.00,14,C++,-,113,0,0,0,0,0,8,0,0,64952,-,-,2524,0.00
mmlmesic,0,0.00,0.00,16,C++,-,69,0,1,0,0,127,0,0,0,-,-,-,1436,0.00
mocha,0,0.05,0.00,15,Java,-,105,0,0,0,0,1,0,64,0,2490,-,-,21312,0.04
monkeylyf,0,0.00,0.00,16,C++,-,73,0,0,0,0,0,2,0,0,8896,-,-,2520,0.00
moronosuke,0,0.10,0.03,8,Java,-,127,0,0,0,0,1,6,64,0,4275,-,-,21400,0.06
mostleg,-,-,-,18,C++,-,108,-,1,-,-,-1,2,-,-,-,-,-,-,-
mountainvat,-,-,-,18,C#,-,140,-,0,-,-,1,1,-,-,8192,-,-,-,-
mpeychev,0,0.00,0.00,17,C++,-,68,0,0,0,0,0,0,0,0,40280,-,-,2628,0.00
mruxim,0,0.32,0.02,16,C++,-,85,0,0,0,0,0,4,0,0,40088,-,-,41548,0.29
msiro,-,-,-,16,C++,-,123,-,1,-,-,-1,3,-,-,-,-,-,-,-
mugenen,0,0.03,0.00,2,Python,2.7,29,0,0,0,0,0,3,0,0,1079,-,-,6840,0.03
mukulgupta,0,0.00,0.00,11,C++,-,101,0,0,0,0,0,10,8,0,39472,-,-,2628,0.00
musouka,-,-,-,5,Python,2.7,49,-,0,-,-,1,5,-,-,1744,-,-,-,-
mvdnes,0,0.00,0.00,9,C++,-,57,0,0,0,0,0,1,0,0,50272,-,-,2492,0.00
myCat,0,0.00,0.00,19,C++,-,86,0,0,0,0,0,2,0,0,48704,-,-,2556,0.00
myfoobar2k,0,0.04,0.00,46,Java,-,169,0,0,0,0,1,8,64,0,4627,-,-,21440,0.03
naiveAlgorist,0,0.00,0.00,20,C++,-,132,0,0,0,0,0,5,0,0,10616,-,-,2524,0.00
nakari1124,0,0.00,0.00,23,C++,-,103,0,0,0,0,0,1,0,0,42256,-,-,2412,0.00
nase,0,0.40,0.00,21,C++,-,111,0,0,0,0,0,10,0,0,83584,-,-,2740,0.40
natha0x6e,0,1.86,0.00,25,C++,-,113,0,0,0,0,0,3,0,0,34024,-,-,10396,1.86
nblx,-,-,-,9,C++,-,118,-,0,-,-,-15,1,-,-,27800,-,-,-,-
needay,0,0.00,0.00,14,C++,-,95,0,0,0,0,0,2,0,0,36120,-,-,2516,0.00
nicesap,0,0.00,0.00,31,C++,-,160,0,0,0,0,0,4,0,0,64608,-,-,2300,0.00
nichehole,0,0.33,0.00,2,C++,-,55,0,0,0,0,0,2,0,0,9576,-,-,2396,0.33
nicoelrulo,0,0.00,0.00,2,C++,-,62,0,0,0,0,0,1,0,0,42296,-,-,2728,0.00
nikkitousen,0,0.00,0.00,22,C++,-,88,0,0,0,0,0,1,0,0,41392,-,-,2372,0.00
nikouni,0,0.00,0.00,28,C++,-,104,0,0,0,0,0,3,0,0,41304,-,-,2620,0.00
nimloth,-,-,-,8,C++,-,88,-,0,-,-,-15,3,-,-,20072,-,-,-,-
ninda029,0,0.17,0.00,6,C++,-,120,0,0,0,0,0,0,0,0,9912,-,-,2768,0.16
nip,0,0.03,0.00,3,Python,2.7,27,0,0,0,0,0,1,0,0,1101,-,-,19592,0.03
nirhershko,0,0.01,0.00,25,Python,2.7,128,0,0,0,0,0,5,0,0,4994,-,-,6696,0.01
nisshy,0,0.00,0.00,20,C++,-,98,0,0,0,0,0,0,0,0,51920,-,-,2528,0.00
nkazuki,0,0.05,0.01,26,Java,-,194,0,0,0,0,1,8,64,0,2659,-,-,21724,0.03
noio,-,-,-,22,Python,2.7,42,-,0,-,-,1,13,-,-,2469,-,-,-,-
notbad,0,0.00,0.00,8,C++,-,93,0,0,0,0,0,1,0,0,31912,-,-,2740,0.00
npinsker,0,0.07,0.00,27,C++,-,91,0,0,0,0,0,8,0,0,78784,-,-,33680,0.06
nurzhands,0,0.00,0.00,11,C++,-,84,0,0,0,0,0,5,0,0,35496,-,-,2628,0.00
oGhost,-,-,-,20,C++,-,94,-,0,-,-,-15,0,-,-,20512,-,-,-,-
ojos,0,0.02,0.00,4,Python,2.7,61,0,0,0,0,0,0,0,0,1484,-,-,6428,0.02
olalia,0,0.00,0.00,13,C++,-,53,0,0,0,0,0,2,0,0,53832,-,-,2420,0.00
olekluka,0,0.07,0.00,8,C++,-,73,0,0,0,0,0,8,0,0,37560,-,-,6360,0.04
ondrah,0,0.25,0.00,4,C++,-,72,0,0,0,0,0,2,0,0,25040,-,-,18400,0.25
oonishi,0,0.01,0.00,21,Python,2.7,69,0,0,0,0,0,9,8,0,2357,-,-,7048,0.01
oracal,0,0.84,0.00,23,C++,-,118,0,0,0,0,0,7,0,0,66568,-,-,2608,0.82
orastem,0,0.07,0.02,31,Java,-,132,0,0,0,0,1,11,64,0,3913,-,-,21504,0.05
oruas,0,0.03,0.00,0,C++,-,110,0,0,0,0,0,1,0,0,23280,-,-,18172,0.01
oscariano,-,-,-,28,Java,-,188,-,1,-,-,1,0,-,-,-,-,-,-,-
outside,0,0.17,0.03,309,Java,-,1251,0,0,0,0,0,174,64,0,1598,-,-,28252,0.10
pabloh,0,0.00,0.00,16,C++,-,92,0,0,0,0,134,8,0,0,64384,-,-,3444,0.00
parenti,0,0.08,0.00,5,C++,-,93,0,0,0,0,0,0,0,0,73552,-,-,3016,0.07
pashkal,0,0.04,0.00,16,Java,-,100,0,0,0,0,0,3,64,0,3219,-,-,21528,0.04
pasky,0,0.00,0.00,9,C++,-,128,0,0,0,0,134,2,0,0,57944,-,-,2596,0.00
pat3ik,0,0.00,0.00,20,C++,-,114,0,0,0,0,0,16,0,0,49896,-,-,10412,0.00
pathed,0,0.04,0.00,22,Java,-,131,0,0,0,0,1,8,64,0,4508,-,-,21292,0.04
patrickk,-,-,-,7,Python,2.7,51,-,0,-,-,1,1,-,-,2443,-,-,-,-
pavlovic,0,0.02,0.00,14,Python,2.7,49,0,0,0,0,0,1,0,0,1498,-,-,6384,0.01
pawnbot,0,0.00,0.00,13,C++,-,116,0,0,0,0,0,0,0,0,32272,-,-,2620,0.00
pekkus,0,0.02,0.00,12,C++,-,116,0,0,0,0,0,1,0,0,51712,-,-,2684,0.02
peluche,0,0.02,0.00,9,Python,2.7,51,0,0,0,0,0,11,0,0,2032,-,-,6524,0.02
peneksglazami,-,-,-,6,Java,-,84,-,0,-,-,-15,3,-,-,2175,-,-,-,-
perlsofwisdom,-,-,-,3,C++,-,73,-,1,-,-,-1,5,-,-,-,-,-,-,-
pershik,0,0.00,0.00,20,C++,-,133,0,0,0,0,0,3,0,0,51056,-,-,2788,0.00
perxnit,0,0.00,0.00,22,C++,-,88,0,0,0,0,0,12,0,0,80120,-,-,2512,0.00
peterpan,-,-,-,15,C++,-,77,-,1,-,-,-1,6,-,-,-,-,-,-,-
peterz,0,0.07,0.00,7,C++,-,86,0,0,0,0,0,1,0,0,46216,-,-,33776,0.06
petrzlen,0,0.00,0.00,14,C++,-,62,0,0,0,0,0,5,0,0,63072,-,-,2684,0.00
pinpin,0,0.02,0.00,18,C++,-,96,0,0,0,0,0,3,0,0,36400,-,-,2704,0.02
pipikaqiu,0,0.04,0.00,6,Java,-,89,0,0,0,0,1,1,64,0,2944,-,-,21268,0.04
pj132134,0,0.00,0.00,33,C++,-,115,0,0,0,0,0,12,0,0,33824,-,-,2744,0.00
pjasinsk,-,-,-,-,C++,-,-,-,-15,-,-,-1,-,-,-,-,-,-,-,-
pjsdream,0,0.00,0.00,32,C++,-,115,0,0,0,0,0,0,0,0,28456,-,-,2324,0.00
plam,0,0.02,0.00,12,Python,2.7,59,0,0,0,0,0,7,0,0,2245,-,-,6672,0.02
plamenko,0,0.00,0.00,11,C++,-,91,0,1,0,0,127,5,0,0,-,-,-,1384,0.00
poesia,0,0.00,0.00,24,C++,-,65,0,0,0,0,0,0,0,0,49776,-,-,3272,0.00
poopsy,-,-,-,6,C++,-,106,-,0,-,-,-15,33,-,-,54104,-,-,-,-
prakashgayasen,-,-,-,2,C++,-,75,-,0,-,-,-15,3,-,-,34072,-,-,-,-
praveen8692,0,0.08,0.01,15,Java,-,143,0,0,0,0,0,5,64,0,3599,-,-,21580,0.06
prekageo,0,0.01,0.00,5,Python,2.7,33,0,0,0,0,0,1,0,0,1618,-,-,6328,0.01
przemekkoz,0,0.33,0.00,14,C++,-,64,0,0,0,0,0,2,0,0,25720,-,-,19140,0.32
psri,-,-,-,11,C++,-,105,-,1,-,-,-1,3,-,-,-,-,-,-,-
pulasthi7,0,0.18,0.02,5,Java,-,77,0,0,0,0,0,1,64,0,2870,-,-,33408,0.16
pumpkinsm,0,0.00,0.00,0,C++,-,99,0,0,0,0,0,1,0,0,37064,-,-,2612,0.00
pwahs,0,0.00,0.00,25,C++,-,132,0,0,0,0,0,0,0,0,45416,-,-,2656,0.00
qiaokan,0,0.00,0.00,2,C++,-,82,0,0,0,0,0,2,0,0,31912,-,-,2796,0.00
qin,0,0.00,0.00,15,C++,-,109,0,0,0,0,0,0,0,0,10248,-,-,2612,0.00
qiurunli,0,0.00,0.00,17,C++,-,80,0,0,0,0,0,3,8,0,36784,-,-,3608,0.00
qq20091200,0,0.49,0.00,12,C++,-,112,0,0,0,0,0,0,137160,0,26976,-,-,2684,0.48
qu1ck,0,0.00,0.00,8,C++,-,65,8,0,0,0,0,1,8,0,38208,-,-,2392,0.00
qwer123cvbn,0,0.00,0.00,2,C++,-,50,0,0,0,0,0,0,8,0,14360,-,-,2656,0.00
qxect,0,0.00,0.00,13,C++,-,93,0,0,0,0,0,4,0,0,37968,-,-,2720,0.00
ra1618,0,0.00,0.00,25,C++,-,139,0,0,0,0,134,11,0,0,79424,-,-,2412,0.00
ramzai,0,0.00,0.00,20,C++,-,143,0,0,0,0,0,3,0,0,48552,-,-,2536,0.00
ranc,0,0.00,0.00,14,C++,-,91,0,0,0,0,0,8,0,0,35032,-,-,2572,0.00
raver1975,0,0.28,0.02,13,Java,-,98,0,0,0,0,0,8,72,0,3163,-,-,49644,0.24
razimantv,0,0.08,0.00,10,C++,-,77,0,0,0,0,0,1,0,0,62224,-,-,2596,0.08
rbommel,0,0.01,0.00,14,C++,-,86,160,0,0,0,0,7,0,1,30488,-,-,2480,0.00
redline2,0,0.00,0.00,10,C++,-,58,0,0,0,0,0,0,0,0,30752,-,-,2232,0.00
rfmvad,-,-,-,13,C++,-,72,-,1,-,-,-1,1,-,-,-,-,-,-,-
rinigan,0,0.00,0.00,13,C++,-,117,0,0,0,0,0,0,0,0,36656,-,-,2500,0.00
rizwanhudda,0,0.02,0.00,0,Python,2.7,33,0,0,0,0,0,1,0,0,1123,-,-,6484,0.01
robert1232,0,0.15,0.03,12,Java,-,181,0,0,0,0,1,2,64,0,5368,-,-,21288,0.12
ronaflx,0,0.02,0.00,9,C++,-,75,0,0,0,0,0,0,0,0,24488,-,-,18380,0.02
rui,0,0.00,0.00,0,C++,-,69,0,0,0,0,0,0,0,0,35544,-,-,2544,0.00
rumoe,0,0.05,0.00,47,Java,-,130,0,0,0,0,1,1,64,0,3146,-,-,21452,0.04
rush0,0,0.00,0.00,15,C++,-,143,0,0,0,0,0,2,0,0,49432,-,-,2416,0.00
ruslanbes,0,0.01,0.00,9,Python,2.7,37,0,0,0,0,0,9,8,0,2492,-,-,6680,0.00
rvvslv,0,0.00,0.00,16,C++,-,63,0,0,0,0,0,0,0,0,35888,-,-,2500,0.00
rycus86,0,0.03,0.00,22,Python,2.7,61,0,0,0,0,0,0,8,0,2204,-,-,6776,0.03
sValerii,-,-,-,13,C++,-,93,-,1,-,-,-1,2,-,-,-,-,-,-,-
sadiaatique,0,0.02,0.00,8,C++,-,92,0,0,0,0,0,6,0,0,59328,-,-,18188,0.02
sandipg,-,-,-,22,C++,-,112,-,1,-,-,-1,9,-,-,-,-,-,-,-
sasaki,0,0.03,0.00,12,C++,-,68,0,0,0,0,0,0,0,0,71208,-,-,2644,0.02
saturn,-,-,-,16,C,-,123,-,0,-,-,139,1,-,-,9408,-,-,-,-
sebii,0,0.08,0.00,24,C++,-,108,0,0,0,0,0,0,0,0,42560,-,-,10308,0.07
sergio3010,0,0.00,0.00,22,C++,-,78,0,0,0,0,0,0,0,0,39536,-,-,2844,0.00
shakil,0,0.00,0.00,29,C++,-,87,0,0,0,0,0,94,0,0,10144,-,-,2600,0.00
shaunren,0,0.02,0.00,0,Python,3.5,22,0,0,0,0,0,1,0,0,977,-,-,7756,0.02
shef2318,0,0.00,0.00,5,C++,-,74,0,0,0,0,0,2,0,0,45384,-,-,2560,0.00
shettynamit,-,-,-,9,C++,-,195,-,0,-,-,-15,5,-,-,48560,-,-,-,-
shimomire,0,0.05,0.00,14,Java,-,127,0,0,0,0,1,2,64,0,3458,-,-,21392,0.04
shindannin,-,-,-,19,C++,-,88,-,1,-,-,-1,11,-,-,-,-,-,-,-
shinike,0,0.16,0.01,14,Java,-,68,0,0,0,0,0,7,64,0,1946,-,-,27736,0.16
shulu,0,1.90,0.00,3,Python,2.7,48,0,0,0,0,0,0,0,0,2463,-,-,85560,1.89
sidsgr88,0,0.00,0.00,2,C++,-,93,0,0,0,0,0,1,0,0,47272,-,-,2616,0.00
simonmc,-,-,-,98,C#,-,398,-,0,-,-,1,54,-,-,10240,-,-,-,-
singleheart,0,0.02,0.00,13,Python,2.7,65,0,0,0,0,0,2,0,0,1635,-,-,6568,0.02
sions,0,0.01,0.00,17,Python,2.7,84,0,0,0,0,1,2,0,0,4237,-,-,8352,0.00
sisi44,0,0.01,0.00,2,Python,2.7,48,0,0,0,0,0,4,0,0,1603,-,-,6376,0.00
skortzy,0,0.08,0.01,7,Java,-,94,0,0,0,0,0,0,64,0,2892,-,-,21400,0.05
skrzypl1,-,-,-,34,C#,-,136,-,1,-,-,-1,0,-,-,-,-,-,-,-
sohelH,0,0.49,0.00,19,C++,-,105,0,0,0,0,0,7,0,0,37832,-,-,29964,0.47
sokokaleb,-,-,-,11,C++,-,158,-,2,-,-,-1,1,-,-,-,-,-,-,-
sola,0,0.16,0.00,15,Java,-,107,0,0,0,0,0,1,72,0,3126,-,-,29368,0.15
spacedout,-,-,-,32,C++,-,65,-,1,-,-,-1,2,-,-,-,-,-,-,-
srcerror,-,-,-,30,C#,System.Numerics,315,-,0,-,-,1,33,-,-,9216,-,-,-,-
srik,0,0.00,0.00,12,C++,-,171,0,0,0,0,0,3,0,0,55016,-,-,2624,0.00
sseypt,0,0.04,0.01,28,Java,-,223,0,0,0,0,1,8,64,0,6562,-,-,21308,0.03
staniek,0,1.07,0.01,9,C++,-,111,0,0,0,0,0,10,0,0,58392,-,-,91552,1.06
steepaholic,0,0.08,0.00,7,C++,-,101,0,0,0,0,0,0,0,0,77920,-,-,2708,0.08
stefan,0,0.04,0.00,14,Java,-,132,0,0,0,0,1,5,64,0,2793,-,-,21360,0.04
stefek99,0,0.04,0.00,27,C#,-,137,0,0,0,0,0,6,0,0,6144,-,-,13156,0.03
steiner,0,0.00,0.00,12,C++,-,90,0,0,0,0,0,1,0,0,108472,-,-,2500,0.00
stlt1sean,-,-,-,4,Python,2.7,64,-,0,-,-,1,8,-,-,2102,-,-,-,-
stonekyx,-,-,-,2,C,-,55,-,0,-,-,0,0,-,-,8752,-,-,-,-
sunnn,0,0.00,0.00,21,C++,-,125,0,0,0,0,0,1,0,0,78176,-,-,2524,0.00
svanidz1,0,0.04,0.00,5,C++,-,71,0,0,0,0,0,6,0,0,49544,-,-,26020,0.03
sven,0,1.68,0.00,9,C++,-,98,0,0,0,0,0,12,0,0,35840,-,-,2500,1.68
syogesh,-,-,-,18,C++,-,98,-,1,-,-,-1,1,-,-,-,-,-,-,-
takapt,0,0.93,0.00,24,C++,-,137,0,0,0,0,0,9,0,0,31920,-,-,26100,0.92
tatsuki,0,0.07,0.02,16,Java,-,224,0,0,0,0,1,11,64,0,1762,-,-,21184,0.04
tatuyan,-,-,-,3,C,-,49,-,0,-,-,0,5,-,-,8576,-,-,-,-
taywar,-,-,-,3,C++,-,50,-,1,-,-,-1,10,-,-,-,-,-,-,-
tcantr,-,-,-,20,C,-,80,-,0,-,-,0,7,-,-,8048,-,-,-,-
tchrikch,0,0.00,0.00,17,C++,-,83,0,0,0,0,0,8,0,0,63568,-,-,2484,0.00
techbrain,0,0.06,0.02,23,Java,-,204,0,0,0,0,1,5,64,0,6168,-,-,21544,0.04
tender,0,0.00,0.00,1,C++,-,87,0,1,0,0,127,5,0,0,-,-,-,1432,0.00
tereshinvs,0,4.87,0.00,-,C++,-,-,0,0,0,0,0,-,0,0,41624,-,-,17752,4.86
tfliao,0,0.00,0.00,11,C++,-,76,0,0,0,0,0,1,0,0,10200,-,-,2512,0.00
theceem,0,0.01,0.00,18,Python,2.7,63,0,0,0,0,0,7,0,0,3075,-,-,7116,0.01
theonechy,0,0.00,0.00,5,C++,-,105,0,0,0,0,0,6,0,0,35496,-,-,2404,0.00
those,0,0.01,0.00,3,C++,-,56,0,0,0,0,0,2,0,0,17768,-,-,2692,0.00
tiirz,0,0.06,0.00,23,C++,-,142,0,0,0,0,0,58,0,0,70264,-,-,3992,0.05
tkociumaka,0,1.62,0.00,11,C++,-,133,0,0,0,0,0,1,0,0,50288,-,-,18372,1.60
tkostek,0,0.01,0.00,0,C++,-,58,0,0,0,0,0,2,0,0,35944,-,-,2524,0.00
tmi,-,-,-,28,Python,2.7,95,-,0,-,-,1,1,-,-,4435,-,-,-,-
tobygameac,0,0.00,0.00,2,C++,-,53,0,0,0,0,0,1,0,0,22376,-,-,4568,0.00
tokoharu,0,0.45,0.00,31,C++,-,97,0,0,0,0,0,10,0,0,26312,-,-,25984,0.44
tolcso,0,3.96,0.00,2,C#,-,94,0,0,0,0,0,0,8,0,4608,-,-,10448,3.96
tomek204,0,0.00,0.00,9,C++,-,67,0,0,0,0,0,4,0,0,41112,-,-,2408,0.00
tony412,0,0.02,0.00,7,C++,-,57,16,0,0,0,0,1,0,0,17720,-,-,2372,0.00
top,-,-,-,15,C++,-,66,-,4,-,-,-1,0,-,-,-,-,-,-,-
topcoderme,0,0.00,0.00,4,C++,-,52,0,0,0,0,0,6,0,0,8392,-,-,2260,0.00
tpablo,-,-,-,18,Python,2.7,65,-,0,-,-,1,2,-,-,3420,-,-,-,-
tpyopyt,-,-,-,7,C++,-,103,-,0,-,-,-15,1,-,-,41096,-,-,-,-
tracyhenry,0,0.00,0.00,16,C++,-,141,0,0,0,0,0,10,0,0,90112,-,-,2616,0.00
tracyzhu,0,0.02,0.00,1,C++,-,68,0,0,0,0,0,10,8,0,24584,-,-,18544,0.02
trecouvr,0,1.13,0.27,8,Python,2.7,28,0,0,0,0,0,3,0,0,1680,-,-,163072,0.86
ttim,0,0.07,0.01,22,Java,-,115,0,0,0,0,1,3,64,0,2547,-,-,21688,0.05
ttm,-,-,-,8,C++,-,71,-,1,-,-,-1,0,-,-,-,-,-,-,-
turbin,0,0.00,0.00,13,C++,-,92,0,0,0,0,0,2,0,0,30848,-,-,2660,0.00
turion,-,-,-,7,Python,2.7,36,-,0,-,-,1,12,-,-,1860,-,-,-,-
twentynine,0,0.22,0.00,20,C++,-,57,0,0,0,0,0,5,0,0,9616,-,-,2584,0.21
twenz,-,-,-,1,C++,-,70,-,1,-,-,-1,2,-,-,-,-,-,-,-
tzupengwang,0,0.00,0.00,4,C++,-,66,0,0,0,0,0,0,0,0,16888,-,-,2292,0.00
uberjap,0,0.02,0.00,3,Python,2.7,33,0,0,0,0,0,6,0,0,1769,-,-,7076,0.02
udalov,-,-,-,12,C++,-,65,-,1,-,-,-1,2,-,-,-,-,-,-,-
uditmanit,0,0.00,0.00,6,C++,-,68,0,0,0,0,0,7,0,0,8096,-,-,2280,0.00
ugo,0,0.04,0.00,24,Java,-,98,0,0,0,0,1,20,64,0,3311,-,-,21444,0.04
uiri,-,-,-,1,Python,2.7,59,-,0,-,-,-15,0,-,-,1731,-,-,-,-
untitledH,0,0.00,0.00,16,C++,-,118,0,0,0,0,0,6,0,0,20016,-,-,2616,0.00
userresu,0,0.00,0.00,2,C++,-,52,0,0,0,0,0,0,8,0,34960,-,-,2208,0.00
utf8please,0,0.00,0.00,14,Python,2.7,68,0,0,0,0,0,2,0,0,1236,-,-,6556,0.00
uuirs,0,0.00,0.00,0,C++,-,72,0,0,0,0,0,3,0,0,9840,-,-,2660,0.00
vanchope,0,0.05,0.00,102,Java,-,473,0,0,0,0,1,95,64,0,5812,-,-,23148,0.04
vbuterin,0,0.26,0.00,3,C++,-,54,0,0,0,0,0,1,0,0,37488,-,-,2612,0.25
vinhphu1711,0,0.01,0.00,11,Python,2.7,39,0,0,0,0,0,3,0,0,1408,-,-,6592,0.01
vishwacs111,0,0.04,0.00,2,Java,-,90,0,0,0,0,0,0,64,0,2950,-,-,21348,0.04
vivanov,-,-,-,38,Python,2.7,105,-,0,-,-,1,10,-,-,4770,-,-,-,-
vlfom,-,-,-,8,C++,-,72,-,0,-,-,-15,1,-,-,39104,-,-,-,-
vlpolyansky,0,0.05,0.01,16,Java,-,112,0,0,0,0,1,0,64,0,3726,-,-,21256,0.04
vout,0,3.46,0.24,24,C++,-,63,0,0,0,0,0,51,0,0,41040,-,-,1580532,3.21
vovapolu,0,0.00,0.00,11,C++,-,82,0,0,0,0,0,0,0,0,35168,-,-,2552,0.00
vrandik,0,0.01,0.00,13,C++,-,71,0,0,0,0,0,2,0,0,57616,-,-,3100,0.00
vshilov,0,0.11,0.02,13,Java,-,94,0,0,0,0,0,0,72,0,2723,-,-,26168,0.07
vvn,-,-,-,51,Java,-,216,-,1,-,-,-1,0,-,-,-,-,-,-,-
waitingkuo0527,0,0.07,0.00,25,Python,2.7,63,0,0,0,0,0,9,8,0,2160,-,-,11180,0.06
wardenlovemary,0,0.01,0.00,10,C++,-,68,0,0,0,0,0,0,0,0,64216,-,-,2840,0.01
wassil,0,0.02,0.00,4,Python,2.7,52,0,0,0,0,0,2,0,0,2651,-,-,6432,0.01
waynenguyen,0,0.00,0.00,10,C++,-,135,0,0,0,0,0,8,0,0,70592,-,-,2512,0.00
wcwswswws,0,0.00,0.00,4,C++,-,80,0,0,0,0,0,0,0,0,9632,-,-,2208,0.00
weirdlos,-,-,-,11,Python,2.7,75,-,0,-,-,1,2,-,-,3113,-,-,-,-
wikol,0,0.08,0.00,3,C++,-,74,0,0,0,0,0,0,0,0,34352,-,-,10272,0.08
willwill,-,-,-,8,Python,2.7,93,-,0,-,-,1,15,-,-,5199,-,-,-,-
wolf5x,0,0.01,0.00,8,C++,-,81,0,0,0,0,0,0,0,0,20152,-,-,2484,0.00
woodpecker112358,0,0.00,0.00,1,C++,-,90,0,0,0,0,0,0,936,0,90144,-,-,2728,0.00
wyl8899,0,0.01,0.00,10,C++,-,70,0,0,0,0,0,3,0,0,17920,-,-,2640,0.00
xameleon,0,0.39,0.00,26,C#,-,186,0,0,0,0,0,4,8,0,8704,-,-,16116,0.38
xang,0,0.06,0.01,8,Java,-,95,0,0,0,0,1,2,64,0,2283,-,-,21300,0.04
xchen,0,0.00,0.00,42,C++,-,140,0,0,0,0,0,4,0,0,21904,-,-,2740,0.00
xdf89,0,0.00,0.00,14,C++,-,81,0,0,0,0,0,2,0,0,49032,-,-,2568,0.00
xiangnash,0,0.00,0.00,20,C++,-,165,0,0,0,0,0,11,0,0,36176,-,-,2612,0.00
xiaodao,0,0.00,0.00,25,C++,-,136,0,0,0,0,0,3,0,0,66424,-,-,2748,0.00
xiaojudou,0,0.00,0.00,3,C++,-,57,0,0,0,0,0,7,0,0,18136,-,-,3304,0.00
xiaowuc1,0,0.19,0.04,14,Java,-,176,0,0,0,0,0,12,72,0,3853,-,-,25312,0.14
xioumu,0,0.00,0.00,8,C++,-,94,0,0,0,0,0,7,8,0,35496,-,-,2788,0.00
xjcl,-,-,-,23,Python,2.7,103,-,0,-,-,-15,18,-,-,5483,-,-,-,-
xs0,0,0.04,0.00,25,Java,-,193,0,0,0,0,1,0,64,0,3996,-,-,21336,0.04
yangff,-,-,-,2,C++,-,66,-,1,-,-,-1,4,-,-,-,-,-,-,-
yannis,-,-,-,16,C++,-,65,-,1,-,-,-1,3,-,-,-,-,-,-,-
yappy,0,4.53,0.01,4,Java,-,54,0,0,0,0,0,3,64,0,1803,-,-,26992,4.45
yarrr,0,0.65,0.00,28,C++,-,63,0,0,0,0,0,0,0,0,40232,-,-,18504,0.64
ydnl,0,0.02,0.00,8,C++,-,75,0,0,0,0,0,7,0,0,18824,-,-,2360,0.00
yehara,0,0.04,0.01,7,Java,-,86,0,0,0,0,1,1,64,0,2448,-,-,21516,0.03
yevshin,0,0.06,0.00,7,Java,-,70,0,0,0,0,1,0,64,0,2604,-,-,21264,0.04
yihuikang,0,0.00,0.00,10,C++,-,131,0,0,0,0,0,3,0,0,36528,-,-,2612,0.00
yilei,0,0.03,0.00,0,C++,-,96,0,0,0,0,0,0,0,0,73208,-,-,2812,0.02
yunan,-,-,-,6,C++,-,93,-,0,-,-,-15,1,-,-,31584,-,-,-,-
yutaka1999,0,0.00,0.00,4,C++,-,101,0,0,0,0,0,0,0,0,67384,-,-,2372,0.00
yuwayii,0,0.02,0.00,9,C++,-,66,0,0,0,0,0,2,0,0,61416,-,-,2480,0.02
yuyarin,0,0.01,0.00,12,C++,-,110,0,0,0,0,0,2,0,0,58056,-,-,2588,0.00
zakharvoit,0,0.10,0.02,20,C++,-,86,0,0,0,0,0,0,0,0,41616,-,-,10228,0.08
zaphod,-,-,-,20,Java,-,124,-,0,-,-,-15,10,-,-,2467,-,-,-,-
zaskar,0,0.04,0.02,5,C++,-,98,0,0,0,0,0,0,944,0,47072,-,-,2516,0.02
zayhero,0,0.35,0.01,4,Python,2.7,36,0,0,0,0,0,0,0,0,1749,-,-,27760,0.34
zentropy,0,0.73,0.00,10,C++,-,72,0,0,0,0,0,2,0,0,40152,-,-,18312,0.73
zeus93,0,0.00,0.00,0,C++,-,71,0,0,0,0,0,0,0,0,9784,-,-,2616,0.00
zglicz,0,0.00,0.00,5,C++,-,104,0,0,0,0,0,5,0,0,36368,-,-,2404,0.00
zgm,0,0.16,0.00,5,C++,-,44,0,0,0,0,0,4,0,0,9640,-,-,2616,0.16
zhanyl,0,0.00,0.00,11,C++,-,133,0,0,0,0,0,18,0,0,53616,-,-,2264,0.00
zhi,0,0.00,0.00,0,C++,-,72,0,0,0,0,0,0,0,0,17640,-,-,2384,0.00
zhujf553,0,0.00,0.00,6,C++,-,76,0,0,0,0,0,0,0,0,10808,-,-,2452,0.00
zhujiaye,0,0.00,0.00,4,C++,-,56,0,0,0,0,0,0,0,0,18240,-,-,2300,0.00
zhuny,-,-,-,7,Python,2.7,71,-,0,-,-,1,0,-,-,4050,-,-,-,-
zhupeijun,0,0.00,0.00,20,C++,-,79,0,0,0,0,0,0,0,0,14360,-,-,2564,0.00
zie118,0,0.03,0.00,9,C++,-,79,0,0,0,0,0,0,0,0,50096,-,-,2716,0.02
zifmia,0,0.01,0.00,11,Python,2.7,33,0,0,0,0,0,4,0,0,1410,-,-,6888,0.01
zigui,0,0.00,0.00,7,C++,-,77,0,0,0,0,0,0,0,0,34888,-,-,2252,0.00
zijing07,0,0.01,0.00,12,Python,2.7,70,0,0,0,0,0,7,0,0,2464,-,-,6380,0.01
zli,0,0.07,0.00,2,Python,2.7,42,0,0,0,0,0,7,0,0,1513,-,-,6900,0.06
zolution,0,0.00,0.00,7,C++,-,67,0,0,0,0,0,1,0,0,11008,-,-,2480,0.00
zuencap,0,0.05,0.00,76,Java,-,466,0,0,0,0,1,24,64,0,6183,-,-,21312,0.03
zxybazh,0,0.00,0.00,6,C++,-,91,0,0,0,0,0,2,0,0,46080,-,-,2628,0.00
zylak,0,0.00,0.00,12,C++,-,59,0,0,0,0,0,0,0,0,34784,-,-,2292,0.00
